-- Dump from MySQL 2018-08-01
-- Updated 2021-03-29
-- Updated 2022-01-05

--
-- Table structure for table `Ort`
--
DROP TABLE IF EXISTS `Ort`;
CREATE TABLE `Ort` (
  `idOrt` INTEGER PRIMARY KEY AUTOINCREMENT,
  `Name` TEXT NOT NULL UNIQUE,
  `GeoNames` TEXT DEFAULT NULL UNIQUE,
  `GND` TEXT DEFAULT NULL UNIQUE,
  `Latitude` TEXT DEFAULT NULL,
  `Longitude` TEXT DEFAULT NULL,
  `Land` TEXT DEFAULT NULL
);
--
-- Dumping data for table `Ort`
--
INSERT INTO `Ort` VALUES 
(1,'<keine Angabe>',NULL,NULL,NULL,NULL,NULL),
(2,'<unbekannt>',NULL,NULL,NULL,NULL,NULL),
(3,'Alcala',NULL,NULL,NULL,NULL,NULL),
(4,'Amsterdam?',NULL,NULL,NULL,NULL,NULL),
(5,'Augsburg? München? Bayern',NULL,NULL,NULL,NULL,NULL),
(6,'Bartfa',NULL,NULL,NULL,NULL,NULL),
(7,'Barth',NULL,NULL,NULL,NULL,NULL),
(8,'Basel od. Umgebung?, Schweiz',NULL,NULL,NULL,NULL,NULL),
(9,'Basel',NULL,NULL,NULL,NULL,'Schweiz'),
(10,'Bayern (Wittenberg & Regensburg)',NULL,NULL,NULL,NULL,NULL),
(11,'Bayern',NULL,NULL,NULL,NULL,NULL),
(12,'Böhmen',NULL,NULL,NULL,NULL,NULL),
(13,'Bologna',NULL,NULL,NULL,NULL,'Italien'),
(14,'Borna (bei Leipzig)',NULL,NULL,NULL,NULL,NULL),
(15,'Bruges (evtl.)',NULL,NULL,NULL,NULL,NULL),
(16,'Brüssel / Mechlin',NULL,NULL,NULL,NULL,NULL),
(17,'Cambrai / Hennegau / Bruges',NULL,NULL,NULL,NULL,NULL),
(18,'Cambrai',NULL,NULL,NULL,NULL,'Frankreich'),
(19,'Casale Monferrato',NULL,NULL,NULL,NULL,'Italien'),
(20,'Deutschland',NULL,NULL,NULL,NULL,NULL),
(21,'Deutschland, Osten',NULL,NULL,NULL,NULL,NULL),
(22,'Deutschland, Stuttgart?',NULL,NULL,NULL,NULL,NULL),
(23,'Eisenach',NULL,NULL,NULL,NULL,'Deutschland'),
(24,'Ferrara',NULL,NULL,NULL,NULL,NULL),
(25,'Flandern',NULL,NULL,NULL,NULL,NULL),
(26,'Florenz',NULL,NULL,NULL,NULL,'Italien'),
(27,'Fossombrone',NULL,NULL,NULL,NULL,NULL),
(28,'Frankfurt am Main',NULL,NULL,NULL,NULL,'Deutschland'),
(29,'Frankfurt am Main?',NULL,NULL,NULL,NULL,NULL),
(30,'Frankreich',NULL,NULL,NULL,NULL,NULL),
(31,'Frankreich, Troyes?',NULL,NULL,NULL,NULL,NULL),
(32,'Frauenburg',NULL,NULL,NULL,NULL,NULL),
(33,'Ghent, Bruges oder Antwerpen',NULL,NULL,NULL,NULL,NULL),
(34,'Girona (teilw.) / Katalonien od. Italien',NULL,NULL,NULL,NULL,NULL),
(35,'Glarus oder Umgebung, Schweiz',NULL,NULL,NULL,NULL,NULL),
(36,'Halberstadt? Torgau? Leipzig?',NULL,NULL,NULL,NULL,NULL),
(37,'Hamburg',NULL,NULL,NULL,NULL,NULL),
(38,'Heidelberg',NULL,NULL,NULL,NULL,NULL),
(39,'Ingolstadt (Universität?)',NULL,NULL,NULL,NULL,NULL),
(40,'Innsbruck (& Augsburg)?',NULL,NULL,NULL,NULL,NULL),
(41,'Italien (Rifkin),Frankreich (LockR)',NULL,NULL,NULL,NULL,NULL),
(42,'Italien',NULL,NULL,NULL,NULL,NULL),
(43,'Italien, Bologna',NULL,NULL,NULL,NULL,NULL),
(44,'Italien, Norden (Florenz? Mantua?)',NULL,NULL,NULL,NULL,NULL),
(45,'Italien, Norden (Florenz?)',NULL,NULL,NULL,NULL,NULL),
(46,'Italien?',NULL,NULL,NULL,NULL,NULL),
(47,'Königsberg?, Ostpreußen',NULL,NULL,NULL,NULL,NULL),
(48,'Lauingen',NULL,NULL,NULL,NULL,NULL),
(49,'Leipzig',NULL,NULL,NULL,NULL,'Deutschland'),
(50,'Lissabon',NULL,NULL,NULL,NULL,NULL),
(51,'London',NULL,NULL,NULL,NULL,'Vereinigtes Königreich'),
(52,'Louvain',NULL,NULL,NULL,NULL,NULL),
(53,'Lwów',NULL,NULL,NULL,NULL,NULL),
(54,'Madrid',NULL,NULL,NULL,NULL,NULL),
(55,'Magdeburg',NULL,NULL,NULL,NULL,NULL),
(56,'Mailand',NULL,NULL,NULL,NULL,'Italien'),
(57,'Mantua',NULL,NULL,NULL,NULL,NULL),
(58,'Meissen',NULL,NULL,NULL,NULL,NULL),
(59,'Mitteldeutschland',NULL,NULL,NULL,NULL,NULL),
(60,'Mitteldeutschland, Sachsen',NULL,NULL,NULL,NULL,NULL),
(61,'Modena',NULL,NULL,NULL,NULL,'Italien'),
(62,'München',NULL,NULL,NULL,NULL,'Deutschland'),
(63,'Neapel / Rom',NULL,NULL,NULL,NULL,NULL),
(64,'Neapel / Verona',NULL,NULL,NULL,NULL,NULL),
(65,'Neapel',NULL,NULL,NULL,NULL,NULL),
(66,'Niederlande?',NULL,NULL,NULL,NULL,NULL),
(67,'Niederlande?, Hinzufügungen in Augsburg?',NULL,NULL,NULL,NULL,NULL),
(68,'Niederlande?; teilweise Brüssel/Mechlin',NULL,NULL,NULL,NULL,NULL),
(69,'Norditalien (PerkR)',NULL,NULL,NULL,NULL,NULL),
(70,'Nürnberg',NULL,NULL,NULL,NULL,'Deutschland'),
(71,'Oberitalien (Piemont?)',NULL,NULL,NULL,NULL,NULL),
(72,'Oberitalien (Venedig?)',NULL,NULL,NULL,NULL,NULL),
(73,'Österreich (Norden)?',NULL,NULL,NULL,NULL,NULL),
(74,'Österreich',NULL,NULL,NULL,NULL,NULL),
(75,'Paris, Frankreich',NULL,NULL,NULL,NULL,NULL),
(76,'Parma oder Ravenna',NULL,NULL,NULL,NULL,NULL),
(77,'Pirna',NULL,NULL,NULL,NULL,NULL),
(78,'Polen (Krakau?)',NULL,NULL,NULL,NULL,NULL),
(79,'Regensburg',NULL,NULL,NULL,NULL,'Deutschland'),
(80,'Rocca di Mezzo',NULL,NULL,NULL,NULL,NULL),
(81,'Rom',NULL,NULL,NULL,NULL,'Italien'),
(82,'Rostock?',NULL,NULL,NULL,NULL,NULL),
(83,'Salamanca',NULL,NULL,NULL,NULL,NULL),
(84,'Salzburg?',NULL,NULL,NULL,NULL,NULL),
(85,'Schlesien / Böhmen',NULL,NULL,NULL,NULL,NULL),
(86,'Schottland',NULL,NULL,NULL,NULL,NULL),
(87,'Schottland, probably in Edinburgh or Aberdeen',NULL,NULL,NULL,NULL,NULL),
(88,'Schweiz',NULL,NULL,NULL,NULL,NULL),
(89,'Schweiz, Basel',NULL,NULL,NULL,NULL,NULL),
(90,'Schweiz, St. Gallen?',NULL,NULL,NULL,NULL,NULL),
(91,'Sevilla',NULL,NULL,NULL,NULL,NULL),
(92,'Siena',NULL,NULL,NULL,NULL,'Italien'),
(93,'Spanien, Barcelona?',NULL,NULL,NULL,NULL,NULL),
(94,'Spanien, Segovia oder Toledo',NULL,NULL,NULL,NULL,NULL),
(95,'Straßburg',NULL,NULL,NULL,NULL,NULL),
(96,'Stuttgart',NULL,NULL,NULL,NULL,'Deutschland'),
(97,'Süddeutschland oder Österreich',NULL,NULL,NULL,NULL,NULL),
(98,'Süddeutschland',NULL,NULL,NULL,NULL,NULL),
(99,'Südwestdeutschland (Baden?)',NULL,NULL,NULL,NULL,NULL),
(100,'Toledo',NULL,NULL,NULL,NULL,'Spanien'),
(101,'Toledo, Cathedral',NULL,NULL,NULL,NULL,NULL),
(102,'Torgau',NULL,NULL,NULL,NULL,NULL),
(103,'Treviso, Italien',NULL,NULL,NULL,NULL,NULL),
(104,'Trient',NULL,NULL,NULL,NULL,'Italien'),
(105,'Valladolid',NULL,NULL,NULL,NULL,NULL),
(106,'Venedig',NULL,NULL,NULL,NULL,NULL),
(107,'Verona',NULL,NULL,NULL,NULL,'Italien'),
(108,'Wien?',NULL,NULL,NULL,NULL,NULL),
(109,'Wittenberg',NULL,NULL,NULL,NULL,NULL),
(110,'Wittenberg/Bayern',NULL,NULL,NULL,NULL,NULL),
(111,'Zwickau',NULL,NULL,NULL,NULL,'Deutschland'),
(112,'Zwickau?',NULL,NULL,NULL,NULL,NULL),
(113,'Amsterdam',NULL,NULL,NULL,NULL,'Niederlande'),
(114,'Antwerpen',NULL,NULL,NULL,NULL,'Belgien'),
(115,'Arnsberg-Herdringen',NULL,NULL,NULL,NULL,'Deutschland'),
(116,'Barcelona',NULL,NULL,NULL,NULL,'Spanien'),
(118,'Berlin',NULL,NULL,NULL,NULL,'Deutschland'),
(120,'Brno',NULL,NULL,NULL,NULL,'Tscheschische Republik'),
(121,'Brüssel',NULL,NULL,NULL,NULL,'Belgien'),
(122,'Budapest',NULL,NULL,NULL,NULL,'Ungarn'),
(125,'Chicago',NULL,NULL,NULL,NULL,'Vereinigte Staaten von Amerika'),
(126,'Dresden',NULL,NULL,NULL,NULL,'Deutschland'),
(127,'Edinburgh',NULL,NULL,NULL,NULL,'Vereinigtes Königreich'),
(131,'Greifswald',NULL,NULL,NULL,NULL,'Deutschland'),
(132,'Heilbronn',NULL,NULL,NULL,NULL,'Deutschland'),
(133,'Hradec Králové',NULL,NULL,NULL,NULL,'Tschechische Republik'),
(134,'Jena',NULL,NULL,NULL,NULL,'Deutschland'),
(135,'Krakau',NULL,NULL,NULL,NULL,'Polen'),
(136,'Leiden',NULL,NULL,NULL,NULL,'Niederlande'),
(138,'Linz',NULL,NULL,NULL,NULL,'Österreich'),
(140,'Lucca',NULL,NULL,NULL,NULL,'Italien'),
(146,'Paris',NULL,NULL,NULL,NULL,'Frankreich'),
(147,'Posen',NULL,NULL,NULL,NULL,'Polen'),
(148,'Prag',NULL,NULL,NULL,NULL,'Tschechische Republik'),
(150,'Rocca',NULL,NULL,NULL,NULL,'Italien'),
(152,'Rostock',NULL,NULL,NULL,NULL,'Deutschland'),
(153,'Segovia',NULL,NULL,NULL,NULL,'Spanien'),
(155,'St. Gallen',NULL,NULL,NULL,NULL,'Schweiz'),
(157,'Subiaco',NULL,NULL,NULL,NULL,'Italien'),
(159,'Treviso',NULL,NULL,NULL,NULL,'Italien'),
(161,'Turin',NULL,NULL,NULL,NULL,'Italien'),
(162,'Ulm',NULL,NULL,NULL,NULL,'Deutschland'),
(163,'Uppsala',NULL,NULL,NULL,NULL,'Schweden'),
(164,'Vatikanstadt',NULL,NULL,NULL,NULL,'Italien'),
(166,'Warschau',NULL,NULL,NULL,NULL,'Polen'),
(167,'Washington D.C.',NULL,NULL,NULL,NULL,'Vereinigte Staaten von Amerika'),
(168,'Weimar',NULL,NULL,NULL,NULL,'Deutschland'),
(169,'Wien',NULL,NULL,NULL,NULL,'Österreich'),
(170,'Wolfenbüttel',NULL,NULL,NULL,NULL,'Deutschland'),
(171,'Zürich',NULL,NULL,NULL,NULL,'Schweiz');


--
-- Table structure for table `Quellenart`
--
DROP TABLE IF EXISTS `Quellenart`;
CREATE TABLE `Quellenart` (
  `idQuellenart` INTEGER PRIMARY KEY AUTOINCREMENT,
  `Bezeichnung` TEXT NOT NULL UNIQUE
);
--
-- Dumping data for table `Quellenart`
--
INSERT INTO `Quellenart` VALUES 
    (1,'Andere geistl. Gattungen'),
    (2,'Einzelausgabe'),
    (3,'Gemischtes geistl. Repertoire'),
    (4,'Gemischtes Repertoire'),
    (5,'Messhandschrift'),
    (6,'Musiktheorie'),
    (7,'Non-Musik'),
    (8,'Sammelausgabe'),
    (9,'Schenkung'),
    (10,'Tabulatur'),
    (11,'Weltliche Musik');

--
-- Table structure for table `Zeit`
--
DROP TABLE IF EXISTS `Zeit`;
CREATE TABLE `Zeit` (
  `idZeit` INTEGER PRIMARY KEY AUTOINCREMENT,
  `Text` TEXT NOT NULL UNIQUE,
  `Von` INTEGER DEFAULT NULL,
  `Bis` INTEGER DEFAULT NULL,
  `Mittel` INTEGER DEFAULT NULL
);
--
-- Dumping data for table `Zeit`
--
INSERT INTO `Zeit` VALUES 
(213,'1. Drittel 16. Jhd. (StaeMI)',1500,1533,1516),
(214,'1. Hälfte 16. Jhd.',1500,1550,1525),
(215,'1. polovina 16. století 1508-pol. 16. stol. / probably between 1530 and 1550 (NJE)',1530,1550,1540),
(216,'1. Viertel 16.Jhd.?',1500,1525,1512),
(217,'1459-80 (KennO) / ca. 1465-80 (WegmanB) / ca. 1460-75 (CurtisEM) / first five Masses 1468-71 (WarmB)',1459,1480,1469),
(218,'1472',1472,1472,1472),
(219,'1472-81',1472,1481,1476),
(220,'1474-5 with additions to ca. 1500 (ReynoldsSP)',1474,1500,1487),
(221,'1477',1477,1477,1477),
(222,'1480er/1503-04',1480,1504,1492),
(223,'1480er-1507 (Dean)',1480,1507,1493),
(224,'1481 (earliest layer) with additions extending into first quarter of 16th century (DAccS)',1481,1525,1503),
(225,'1481 (LockF) / 15. Jhd.',1481,1481,1481),
(226,'1481 (LockF)',1481,1481,1481),
(227,'1485-1500',1485,1500,1492),
(228,'1487-90 + 1492-99',1487,1499,1493),
(229,'1490-1510',1490,1510,1500),
(230,'1492-1509 (Dean)',1492,1509,1500),
(231,'1492-3 (RifPB)',1492,1493,1492),
(232,'1492-4 (AtlCG)',1492,1494,1493),
(233,'1492-95',1492,1495,1493),
(234,'1495-1501',1495,1501,1498),
(235,'1495-98',1495,1498,1496),
(236,'1498-1514 / mögl. vor 1500 / mögl. vor Mai 1505',1498,1514,1506),
(237,'1498-1514, ca.1500',1498,1514,1506),
(238,'1500-05 evtl. 1500 (KellJ)',1500,1505,1502),
(239,'1500-1505 / ca.1500',1500,1505,1502),
(240,'1500-1505 / mögl. 1500 bzw. 1504-1506',1500,1505,1502),
(241,'1500-1520?',1485,1500,1492),
(242,'1501',1501,1501,1501),
(243,'1501-02',1501,1502,1501),
(244,'1501-04',1501,1504,1502),
(245,'1502 (date in manuscript)',1502,1502,1502),
(246,'1502',1502,1502,1502),
(247,'1502-03',1502,1503,1502),
(248,'1502-03/04-07',1502,1507,1504),
(249,'1503',1503,1503,1503),
(250,'1503-04',1503,1504,1503),
(251,'1503-07',1503,1507,1505),
(252,'1504',1504,1504,1504),
(253,'1504-07',1504,1507,1505),
(254,'1505 (KellJ)',1505,1505,1505),
(255,'1505',1505,1505,1505),
(256,'1506',1506,1506,1506),
(257,'1507',1507,1507,1507),
(258,'1507-08',1507,1508,1507),
(259,'1508',1508,1508,1508),
(260,'1508-09',1508,1509,1508),
(261,'1508-11 (KellJ)',1508,1511,1509),
(262,'1508-1534 / evtl. 1521-1534',1508,1534,1521),
(263,'1508-1534 / mögl. ca. 1521-1534',1508,1534,1521),
(264,'1508-19 probably c. 1516 (KellJ)',1508,1519,1513),
(265,'1510-1530 (MGG) / ca. 1530 (SteudeMS)',1510,1535,1522),
(266,'1510-c. 1530',1510,1540,1525),
(267,'1512-6 (KellBP) / ca. 1514-6 (WarmMC)',1512,1516,1514),
(268,'1513-21 probably ca. 1518-9 (KellJ) / 1515-6 (WarmMC)',1513,1521,1517),
(269,'1513-9 (BenteNW)',1513,1519,1516),
(270,'1514',1514,1514,1514),
(271,'1514-1517',1514,1517,1515),
(272,'1515',1515,1515,1515),
(273,'1515-18 (Messen) mit späteren Ergänzungen 1518- ca. 1554',1515,1518,1516),
(274,'1515-34 probably ca. 1521-5 (KellJ)',1515,1534,1524),
(275,'1515-8 (ff. 1-63) / 1521-ca. 1526 (ff. 63r-71) (CrawSC)',1515,1531,1523),
(276,'1516',1516,1516,1516),
(277,'1519 (date on f. 54 applies to main corpus) / polyphony added ca. 1570-90 or perhaps earlier (ZiinoDP)',1565,1595,1580),
(278,'1519-20 (dates in manuscript)',1519,1520,1519),
(279,'1521-34 evtl. 1521-5 (KellJ)',1521,1534,1527),
(280,'1522',1522,1522,1522),
(281,'1523-1524',1523,1524,1523),
(282,'1525-50',1525,1550,1537),
(283,'1526',1526,1526,1526),
(284,'1526-1530',1526,1530,1528),
(285,'1534-5',1534,1535,1534),
(286,'1535',1535,1535,1535),
(287,'1536',1536,1536,1536),
(288,'1537',1537,1537,1537),
(289,'1538',1538,1538,1538),
(290,'1539 (date on f. 1)',1539,1539,1539),
(291,'1539',1539,1539,1539),
(292,'1539-50 (RRMR)',1539,1550,1544),
(293,'1540 (date on f. 2)',1540,1540,1540),
(294,'1540',1540,1540,1540),
(295,'1540?',1535,1545,1540),
(296,'1540-4 (GerhW)',1540,1544,1542),
(297,'1542 (date in the manuscript)',1542,1542,1542),
(298,'1542 (Datierung auf jeder Seite)',1542,1542,1542),
(299,'1543 (date in the manuscript)',1543,1543,1543),
(300,'1543',1543,1543,1543),
(301,'1543-4 with additions in 1570s (BenteNW)',1543,1544,1543),
(302,'1544',1544,1544,1544),
(303,'1545',1545,1545,1545),
(304,'1546',1546,1546,1546),
(305,'1546-1557',1546,1557,1551),
(306,'1547',1547,1547,1547),
(307,'1548 (Eintrag auf S.318)',1548,1548,1548),
(308,'1549 (date in the manuscript)',1549,1549,1549),
(309,'1549',1549,1549,1549),
(310,'1550 (DIAMM)',1545,1555,1550),
(311,'1550',1550,1550,1550),
(312,'1552',1552,1552,1552),
(313,'1553',1553,1553,1553),
(314,'1554',1554,1554,1554),
(315,'1556',1556,1556,1556),
(316,'1557',1557,1557,1557),
(317,'1557-59',1557,1559,1558),
(318,'1558',1558,1558,1558),
(319,'1559',1559,1559,1559),
(320,'1560 (dated preface)',1560,1560,1560),
(321,'1562 / wohlmöglich identisch zur 1. Aufl. 1556',1562,1562,1562),
(322,'1563',1563,1563,1563),
(323,'1564-70 (dates in manuscript)',1564,1570,1567),
(324,'1565 - ca. 1610',1565,1615,1590),
(325,'1566 (dated title page)',1566,1566,1566),
(326,'1569-72 (dates in manuscript)',1569,1572,1570),
(327,'1571 (Datierung in MS)',1571,1571,1571),
(328,'1571',1571,1571,1571),
(329,'1578',1578,1578,1578),
(330,'1583',1583,1583,1583),
(331,'1590',1590,1590,1590),
(332,'1594',1594,1594,1594),
(333,'2. Hälfte 16. Jh.',1550,1600,1575),
(334,'Anfang 16. Jh.',1500,1525,1512),
(335,'C. 1498-1515 / 1500-3 probably 1502 (BakerU)',1498,1515,1506),
(336,'c.1513-c.1535',1508,1540,1524),
(337,'ca. 1460-5',1455,1470,1462),
(338,'ca. 1460-80',1455,1485,1470),
(339,'ca. 1466-1511 (NoblDHM)',1461,1516,1488),
(340,'ca. 1467-70 (main corpus) with additions from 1470s until ca. 1500 (StroMB)',1467,1500,1483),
(341,'ca. 1475-80 (RothS)',1470,1485,1477),
(342,'ca. 1480-90 (Martin Staehelin)',1475,1495,1485),
(343,'ca. 1482',1477,1487,1482),
(344,'ca. 1482-1507 index added ca. 1509-12 (DeanS)',1482,1507,1494),
(345,'ca. 1485-1500 (JustM) date [14]95 on f. 161',1480,1505,1492),
(346,'ca. 1488',1483,1493,1488),
(347,'ca. 1488? (Rodin Diss.)',1487,1499,1493),
(348,'ca. 1488?',1483,1493,1488),
(349,'ca. 1490-1500',1485,1505,1495),
(350,'ca. 1490-1504',1480,1514,1497),
(351,'ca. 1492-95',1488,1500,1494),
(352,'ca. 1495',1490,1500,1495),
(353,'ca. 1495-1500',1485,1510,1497),
(354,'ca. 1495-98',1490,1503,1496),
(355,'ca. 1498-1503 with additions after 1514 (KellJ)',1493,1508,1500),
(356,'ca. 1500 - 1505',1490,1515,1502),
(357,'ca. 1500 (AMMM)',1490,1510,1500),
(358,'ca. 1500 / date 1517 in manuscript is later addition connected with lottery announcement (see FeldC)',1495,1505,1500),
(359,'ca. 1500',1495,1505,1500),
(360,'ca. 1500-20 (KmetzH)',1495,1525,1510),
(361,'ca. 1501-02',1496,1507,1501),
(362,'ca. 1501-ca. 1546',1496,1551,1523),
(363,'ca. 1502-6 (WeissB)',1498,1511,1504),
(364,'ca. 1503-04',1498,1509,1503),
(365,'ca. 1505 (LockF)',1495,1515,1505),
(366,'ca. 1508? (KellBP)',1503,1513,1508),
(367,'ca. 1510 (BenteNW)',1505,1515,1510),
(368,'ca. 1510-1520',1500,1530,1515),
(369,'ca. 1510-20 (MB)',1500,1530,1515),
(370,'ca. 1510-20?',1505,1525,1515),
(371,'ca. 1511-4 (DeanS) with a few corrections ca. 1576-7',1511,1514,1512),
(372,'ca. 1512-1534',1508,1539,1523),
(373,'ca. 1513-23',1508,1528,1518),
(374,'ca. 1515',1510,1520,1515),
(375,'ca. 1516 (StaeSMF)',1511,1521,1516),
(376,'ca. 1516-20 (RothS) with additions to ca. 1550 (HudNS)',1511,1525,1518),
(377,'ca. 1517',1512,1522,1517),
(378,'ca. 1518',1513,1523,1518),
(379,'ca. 1518-21 (Parts I and III) / ca. 1569-89 (Part II)',1513,1594,1553),
(380,'ca. 1518-23 (LowMCE)',1513,1528,1520),
(381,'ca. 1520 (BenteNW) / ca. 1515-6 (RifRM)',1510,1525,1517),
(382,'ca. 1520 (DougMJP)',1515,1525,1520),
(383,'ca. 1520-1530',1510,1540,1525),
(384,'ca. 1520-30 (Crawford)',1510,1540,1525),
(385,'ca. 1520-35 (SnowT)',1515,1540,1527),
(386,'ca. 1525',1520,1530,1525),
(387,'ca. 1526-30 (KEllML)',1521,1531,1526),
(388,'ca. 1527',1522,1532,1527),
(389,'ca. 1530',1525,1535,1530),
(390,'ca. 1530-40',1525,1545,1535),
(391,'ca. 1535-45',1530,1550,1540),
(392,'ca. 1537-1544',1532,1549,1540),
(393,'ca. 1539-48 with additions in second half of 16th century',1535,1552,1543),
(394,'ca. 1539-88',1529,1598,1563),
(395,'ca. 1540 (GottH)',1535,1545,1540),
(396,'ca. 1540 or slightly later (LoachA who refutes GeerVs proposed dating of ca. 1517-20)',1535,1545,1540),
(397,'ca. 1540',1535,1545,1540),
(398,'ca. 1543-60 (BraunerP)',1538,1565,1551),
(399,'ca. 1545-50?',1540,1555,1547),
(400,'ca. 1550 (FerandB)',1545,1555,1550),
(401,'ca. 1555 (with a few slightly later additions)',1550,1560,1555),
(402,'ca. 1558 (with a few slightly later additions)',1553,1563,1558),
(403,'ca. 1560 (GottHH)',1555,1565,1560),
(404,'ca. 1560',1555,1565,1560),
(405,'ca. 1560-1575',1555,1580,1567),
(406,'ca. 1580 (MaynAS)',1575,1585,1580),
(407,'ca.1510-1520',1505,1525,1515),
(408,'Datierungen v. 1529-1575 im Ms.',1529,1575,1552),
(409,'First half of 16th century',1500,1550,1525),
(410,'First quarter of 16th century',1500,1525,1512),
(411,'frühe 1550er',1550,1555,1552),
(412,'Frühes 16. Jhd.',1500,1525,1512),
(413,'Gathering A: 1500-1510 / Gathering B: 1505-1519 / Gathering C: 1520-1525 / Gathering D: 1525-1534',1500,1534,1517),
(414,'I: nach 1555 / II: 1584-1616',1555,1616,1585),
(415,'Late 15th or early 16th century',1475,1525,1500),
(416,'Late 16th century',1575,1600,1587),
(417,'Mid 16th century with additions ca. 1564-7',1540,1560,1550),
(418,'Mid 16th century',1540,1560,1550),
(419,'Mitte 16. Jh. mit Ergänzungen in der 2. Hälfte',1540,1560,1550),
(420,'Mitte 16. Jhd',1530,1570,1550),
(421,'nach 1558 (MurTVB) / 1558 (Datierung in Ms.)',1558,1558,1558),
(422,'Second half of 16th century (date [15]58 in manuscript)',1558,1558,1558),
(423,'Second half of 16th century',1550,1600,1575),
(424,'um 1500',1495,1505,1500),
(425,'um 1515',1510,1520,1515),
(426,'um 1548',1543,1553,1548),
(427,'um 1550-1570 (Mbs Opac) / 3. Viertel 16. Jhd (RISM)',1545,1575,1560),
(428,'um 1565-1570',1560,1575,1567),
(429,'um 1580',1575,1585,1580),
(430,'vielleicht späte 1480er (mit Ergänzungen ca. 1576-1600)',1485,1500,1492),
(431,'vor 1513 (wahrscheinlich nach 1498)',1498,1513,1505),
(432,'Zw. 1535 & 1540',1535,1540,1537),
(433,'zwischen 1518 und 1520',1518,1520,1519),
(434,'1400',1400,1400,1400),
(435,'1410',1410,1410,1410),
(436,'1430',1430,1430,1430),
(437,'1435',1435,1435,1435),
(438,'1440',1440,1440,1440),
(439,'1445',1445,1445,1445),
(440,'1446',1446,1446,1446),
(441,'1449',1449,1449,1449),
(442,'1450',1450,1450,1450),
(443,'1452',1452,1452,1452),
(444,'1457',1457,1457,1457),
(445,'1460',1460,1460,1460),
(446,'1469',1469,1469,1469),
(447,'1474',1474,1474,1474),
(448,'1479',1479,1479,1479),
(449,'1482',1482,1482,1482),
(450,'1485',1485,1485,1485),
(451,'1486',1486,1486,1486),
(452,'1491',1491,1491,1491),
(453,'1492',1492,1492,1492),
(454,'1497',1497,1497,1497),
(458,'1511',1511,1511,1511),
(461,'1517',1517,1517,1517),
(462,'1518',1518,1518,1518),
(463,'1521',1521,1521,1521),
(464,'1529',1529,1529,1529);


--
-- Table structure for table `Bibliothek`
--
DROP TABLE IF EXISTS `Bibliothek`;
CREATE TABLE `Bibliothek` (
  `idBibliothek` INTEGER PRIMARY KEY AUTOINCREMENT,
  `Name` TEXT DEFAULT NULL,
  `RISMSiegel` TEXT NOT NULL UNIQUE,
  `Ort` INTEGER DEFAULT NULL,
  FOREIGN KEY (`Ort`) REFERENCES `Ort` (`idOrt`) ON UPDATE CASCADE
);
CREATE INDEX "Bibliothek_ix_Ort" ON "Bibliothek" ("Ort");
--
-- Dumping data for table `Bibliothek`
--
INSERT INTO `Bibliothek` VALUES (1,'Oberösterreichische Landesbibliothek','A-Lls; A-Llb',138),
(2,'Österreichische Nationalbibliothek, Musiksammlung','A-Wn',169),
(3,'Museum Plantijn-Moretus','B-Amp',114),
(4,'Bibliothèque royale de Belgique','B-Br',121),
(5,'Universitätsbibliothek, Musiksammlung','CH-Bu',9),
(6,'Stiftsbibliothek','CH-SGs; CH-StG',155),
(7,'Zentralbibliothek','CH-Zz',171),
(8,'Archiv mesta Brna','CZ-Bmb',120),
(9,'Muzeum východních Čech v Hradci Králové','CZ-HKm',133),
(10,'Národní knihovna České republiky','CZ-Pu',148),
(11,'Staatsbibliothek zu Berlin - Preußischer Kulturbesitz, Musikabteilung','D-B',118),
(12,'Sächsische Landesbibliothek - Staats- und Universitätsbibliothek','D-Dl; D-Dlb; [D-D]',126),
(13,'Stadtarchiv, Bibliothek','D-EIa',23),
(14,'Universitätsbibliothek Johann Christian Senckenberg','D-F',28),
(15,'Universitätsbibliothek','D-GRu',131),
(16,'Stadtarchiv','D-HBa',132),
(17,'Schloßbibliothek, Bibliotheca Fürstenbergiana','D-HRD',115),
(18,'Thüringer Universitäts- und Landesbibliothek','D-Ju',134),
(19,'Universitätsbibliothek, "Bibliotheca Albertina"','D-LEu',49),
(20,'Bayerische Staatsbibliothek, Musikabteilung','D-Mbs',62),
(21,'Universitätsbibliothek','D-Mu',62),
(22,'Germanisches National-Museum, Bibliothek','D-Ngm',70),
(23,'Universität Rostock, Universitätsbibliothek: Abt. Sondersammlungen, Musikalien','D-ROu',152),
(24,'Bischöfliche Zentralbibliothek, Die Proskesche Musikabteilung','D-Rp',79),
(25,'Württembergische Landesbibliothek','D-Sl',96),
(26,'Von Schermar´sche Familienstiftung, Bibliothek','D-Usch; D-Usche',162),
(27,'Herzog August Bibliothek','D-W',170),
(28,'Herderkirche, Ephoralbibliothek','D-WRhk',168),
(29,'Ratsschulbibliothek','D-Z',111),
(30,'Biblioteca Nacional de Catalunya/Biblioteca Central','E-Bbc',116),
(31,'Biblioteca Orfeó Catalá','E-Boc',116),
(32,'Archivo Capitular de la Catedral','E-SE',153),
(33,'Catedral, Archivo y Biblioteca Capítulares','E-Tc',100),
(34,'Bibliothèque municipale','F-CA; F-Ca',18),
(35,'Bibliothèque nationale de France, Département de la Musique','F-Pn',146),
(36,'National Library of Scotland','GB-En',127),
(37,'The British Library','GB-Lbl',51),
(38,'Országos Széchényi Könyvtár','H-Bn',122),
(39,'Museo internazionale e biblioteca della musica di Bologna','I-Bc',13),
(40,'Archivio Musicale della Basilica di San Petronio','I-Bsp',13),
(41,'Archivio Capitolare di Casale Monferrato','I-CMac',19),
(42,'Biblioteca Nazionale Centrale','I-Fn',26),
(43,'Archivio di Stato','I-LUs',140),
(44,'Biblioteca Ambrosiana','I-Ma',56),
(45,'Veneranda Fabbrica del Duomo, Biblioteca','I-Mfd',56),
(46,'Archivio di Stato','I-MOas',61),
(47,'Duomo, Biblioteca e Archivio Capitolare','I-MOd',61),
(48,'Biblioteca Estense','I-MOe',61),
(49,'Biblioteca privata Polesini','I-Mpolesini',56),
(50,'Museo Parrocchiale','I-RdMmp',150),
(51,'Basilica di Santa Maria Maggiore, Archivio Capitolare','I-Rsm',81),
(52,'Biblioteca Apostolica Vaticana','I-Rvat; V-CVbav',164),
(53,'Biblioteca Comunale degli Intronati','I-Sc',92),
(54,'Protocenobio di S. Scolastica (Abbazia), Biblioteca','I-SUb; I-SUss',157),
(55,'Biblioteca Nazionale','I-Tn',161),
(56,'Castello del Buonconsiglio, Biblioteca','I-TRbc',104),
(57,'Biblioteca Capitolare del Duomo di Treviso','I-TVcap',159),
(58,'Biblioteca Capitolare','I-VEcap',107),
(59,'Toonkunst-Bibliotheek','NL-At',113),
(60,'Gemeentearchief','NL-L',136),
(61,'Biblioteka Jagiellonska','PL-Kj',135),
(62,'Biblioteka Uniwersytecka. Sekcja Zbiorów Muzycznych w Oddziale Zbiorów Specjalnych','PL-Pu',147),
(63,'Biblioteka Uniwersytecka','PL-Wu',166),
(64,'Universitetsbibliotek, Carolina Rediviva','S-Uu; S-Up',163),
(65,'Newberry Library','US-Cn',125),
(66,'The Library of Congress, Music Division','US-Wc; US-Wcm',167);



--
-- Table structure for table `Komponist`
--
DROP TABLE IF EXISTS `Komponist`;
CREATE TABLE `Komponist` (
  `idKomponist` INTEGER PRIMARY KEY AUTOINCREMENT,
  `Bezeichnung` TEXT NOT NULL UNIQUE,
  `Name_voll` TEXT DEFAULT NULL,
  `Birth_FirstKnown` INTEGER DEFAULT NULL,
  `Death_LastKnown` INTEGER DEFAULT NULL,
  `Name_variants` TEXT,
  `GND` TEXT DEFAULT NULL,
  `VIAF` TEXT DEFAULT NULL,
  `Bio` TEXT,
  FOREIGN KEY (`Birth_FirstKnown`) REFERENCES `Zeit` (`idZeit`) ON UPDATE CASCADE,
  FOREIGN KEY (`Death_LastKnown`) REFERENCES `Zeit` (`idZeit`) ON UPDATE CASCADE
);
CREATE INDEX "Komponist_ix_Birth" ON "Komponist" ("Birth_FirstKnown");
CREATE INDEX "Komponist_ix_Death" ON "Komponist" ("Death_LastKnown");
--
-- Dumping data for table `Komponist`
--
INSERT INTO `Komponist` VALUES 
(1,'Josquin','Josquin Desprez',438,463,NULL,'http://d-nb.info/gnd/118524895',NULL,'Mit Busnoys, Ockeghem, Tinctoris, Regis und Dufay in der Musikermotette "Omnium bonorum plena" von Compère genannt. Juni 1489 in Kapelle aufgenommen, in der er bis zum Abbrechen der Haushaltslisten (Apr. 1494) nachweisbar ist. Anfang 1495 war er vielleicht noch in Rom. Wahrscheinlich nach dortigem Ausscheiden in die Kapelle Ludwigs XII. gewechselt, zumindest 1501-03. 1503-04 in Mailand, dort wohl vor Pest geflohen, Obrecht war Nachfolger. Ab 1504 in Condé.'),
(2,'Ockeghem','Johannes Ockeghem',435,454,NULL,'http://d-nb.info/gnd/118735926',NULL,'ab 1451 Sänger in frz. Hofkapelle, ab 1459 Schatzmeister von Saint-Martin in Tours (eines der bestbezahlten Ämter in Frk.) und auch regelmäßig dort anwesend. Spätestens ab 1472 Priester. Ab 1462 große Reisefreiheit, in den 70ern Gipfel des Ruhms erreicht. Zahlreiche Werke zu seinen Ehren entstanden noch 25 Jahre nach seinem Tod.'),
(3,'Obrecht','Jacob Obrecht',444,255,NULL,'http://d-nb.info/gnd/118735853',NULL,'ab 1484-85 in Cambrai, dann bis 91 in Brügge. Ende 87 bis Mai 88 auf Einladung in Ferrara. 1492 Nachfolger Barbireau in Antwerpen, bis 1497. 92/3 in Frankreich evtl. mit Compère zusammengetroffen. 1503 Reise nach Italien, evtl. auch zur päpstl. Kapelle (zumindest erhielt er Pfründe). 1504 Nachfolger von Josquin in Ferrara, dort 1505 gestorben.'),
(4,'Isaac','Heinrich Isaac',442,461,NULL,'http://d-nb.info/gnd/11855588X','http://viaf.org/viaf/34643473','Sänger in Florenz (Cantori di S. Giovanni); Hofkomponist Max. I. Enge Verbindung mit Medici.'),
(5,'Weerbeke','Gaspar van Weerbeke',439,461,NULL,'http://d-nb.info/gnd/119490552','http://viaf.org/viaf/88076257/','In Mailand als Leiter, mit Compère und Martini. Kapellmitglied: ab 1480/81 bis 89, auch mit Josquin und de Orto ab 83 auch Mitglied der Fraternità di Santo Spirito e S Maria. Dazwischen wieder in Mailand. Ab 1499 wieder in Rom, erscheint bis 1509 in den Listen (03-07 & 09-13 fehlen). Erhält 1515 als Lohn von Leo X Pfründe. 1517 zuletzt als Kanonikus in Mainz erwähnt.'),
(6,'Vaqueras','Bertrandus Vaqueras',442,257,NULL,'http://d-nb.info/gnd/122931238','http://viaf.org/viaf/2658085','Contratenor im Chor v. St. Peter in Rom 1481-83. Nov. 1483 in päpstl. Kapelle aufgenommen, gehörte dieser bis zu seinem Tod an. Kontakt zu kurialen Humanistenzirkeln.'),
(7,'Agricola','Alexander Agricola',440,256,NULL,'http://d-nb.info/gnd/11900321X','http://viaf.org/viaf/37105288/','keine (Mitglied der frz. Kapelle; war in Mantua, Florenz, Neapel; ab 1500 burgundische Kapelle)'),
(8,'Busnoys','Antione Busnoys',436,453,'Busnois','http://d-nb.info/gnd/118858025','http://viaf.org/viaf/100249538/','keine (Tours, Burgund, Max. I., Brügge; Klüngel mit Faugues, Tinctoris, Barison, Ockeghem)'),
(9,'Basiron','Philippe Basiron',441,452,NULL,'http://d-nb.info/gnd/1013041607','http://viaf.org/viaf/44567375','keine (war offenbar nie in Italien)'),
(10,'Compere','Loyset Compère',439,462,NULL,'http://d-nb.info/gnd/128825006','http://viaf.org/viaf/14957872','nie Kapellmitglied; war Jan. 1495 wohl bei der Besetzung Roms zugegen, daher evtl. auch seine Werke in CS 15; Motetten zu Bündnis Alexander VI mit Karl VIII und Konflikt zw. Ludwig XII. und Julius II.'),
(11,'Brumel','Antoine Brumel',445,272,NULL,'http://d-nb.info/gnd/12404106X',NULL,'keine (Mitglied der Kapelle Savoyen, Notre Dame de Paris, Ferrara)'),
(12,'Dufay','Guillaume Dufay',434,447,NULL,'http://d-nb.info/gnd/118527924','http://viaf.org/viaf/100955223/','Kapellsänger ab 1428-33 und 35-37, herausragende Rolle unter Eugen IV., 35&36 als magister capellae geführt; eine Reihe repräsentativer Werke können dieser Zeit zugeordnet werden'),
(13,'Faugues','Guillaume Faugues',NULL,NULL,NULL,NULL,NULL,'1462 mit Basiron in Bourges; Seine Musik war bis in die 1470er in Italien sehr bekannt. Evtl. mit Guillelmus identisch, der in den 50ern & 60ern Schreiber an San Pietro war und in den 70ern Sänger in der Cappella Sistina und S. Peter.'),
(14,'Hilanas','Johannes de Hillanis',NULL,461,'Yillanis, de Yllanes, de Lannis, de Lyanas, de Aragonia',NULL,NULL,'ab Juli 1492 Kapellmitglied, geführt als: "Jo. de Aragonia", dann "Jo, de Lannis". Evtl identisch mit "Giovanni degli Ans" bzw. "Johannes de Glianas". Blieb min. 25 Jahre Sänger im päpstl. Chor, war 1517 dienstältester Sänger und decanus. Kehrte danach wohlmöglich nach Spanien zurück, da er zu schlecht sah, um aus den Chorbüchern zu singen.'),
(15,'Martini','Johannes Martini',NULL,454,NULL,NULL,NULL,'in Konstanz, ab 1473 in Ferrara, Feb.-Okt. 1474 in Mailand (kam mit Gaspar und Compère in Kontakt), dann wieder Ferrara. Im Febr. 1487 Reise nach Rom (Durchreise durch Florenz -> Isaac), Nov. 1488 nochmal Romreise. War für die d´Este auch als musikalischer Ausbilder und Berater tätig. War vor allem zu Lebzeiten bekannt, verlor danach Ruhm.'),
(16,'Regis','Johannes Regis',NULL,446,NULL,NULL,NULL,'Identitätswirrwarr: Wahrscheinlich 1440er in Cambrai mit Dufay, Angebot als Magister pueorum 1460 abgelehnt, ab 1462 in Soignies bis Lebensende. Lt. Tinctoris einer der rennomiertesten Vertreter der Ockeghem-Generation.'),
(17,'Vincenet','Johannes Vincenet',NULL,448,NULL,NULL,NULL,'Nicht mit dem päpstl. Sänger Jehan Vincenet (+1447) identisch! 1450 Sänger am Hof v. Savoyen bis 1464, evtl. Kontakt zu Dufay. Ende 68/69 in Florenz, dann als Sänger und Kopist in Neapel, dort geheiratet und wohl auch gestorben.'),
(18,'Heyns','Cornelius Heyns',NULL,450,NULL,NULL,'http://viaf.org/viaf/61814896/','1447-65 in Brügge; evtl. 1440er  in Florenz; weiteres hypothetisch.'),
(19,'Fresneau','Jehan Fresneau',451,255,NULL,'http://d-nb.info/gnd/139837035','http://viaf.org/viaf/162762617/','Mit Compère bis 1477 in Mailand gewesen, danach wohl Tours, danach Chatres.'),
(20,'Eloy','Eloy d`Amerval',NULL,NULL,NULL,NULL,NULL,'belegt bis 1505/08, vor allem in Orléans. Lobte in seinem Buch viele bekannte Komponisten. M. Dixerunt ist einzige bekannte Komposition'),
(21,'anonym',NULL,NULL,NULL,NULL,NULL,NULL,NULL),
(22,'de Clibano','Nicasius de Clibano',NULL,454,NULL,NULL,NULL,'keine (in s´Hertogenbosch und Antwerpen)'),
(23,'Wreede','Johannes Wreede',NULL,449,NULL,NULL,NULL,NULL),
(24,'Orto','Marbrianus de Orto',NULL,464,NULL,NULL,NULL,'Familiar des Kardinalbischofs von Tournai Ferry de Cluny, seit 1482 in Rom. 1483-99 Mitglied der päpstl. Kapelle. (mit Gaspar, Vaqueras, Joh. de Stokkem & Josquin, kollegiales Verhältnis zu Josquin, hohe Gunst bei Päpsten). Über Verbleib bis 1505 nichts bekannt, dann in Kapelle v. Philipp d. Schönen, bis 1522 in habsburgischen Diensten. Lebensabend in Nivelles (Pfründe!)'),
(25,'Pasquin','Pasquin',NULL,454,NULL,NULL,NULL,'1469-74 in Cambrai; von Cretin 1497 in der Déploration für Johannes Ockeghem als verstorben erwähnt. (NG)'),
(26,'de Dormarto','Petrus de Domarto',NULL,NULL,NULL,NULL,NULL,'um 1450 tätig'),
(27,'de la Rue','Pierre de la Rue',443,462,NULL,'http://d-nb.info/gnd/122783166','http://viaf.org/viaf/295193020/','Mitglied burgundisch-habsburgische Hofkapelle bis Ende seiner Laufbahn. Großer Ruhm als Messenkomponist 1503 gesichert (Petrucci-Drucke, zentrale Rolle in den Prunkhss. Alamires). Nach dem Tod Philipps d. Schönen 1506 Eintritt in die Kapelle von Johanna d. Wahnsinnigen, Nachfolger als Kpm. von M. de Orto. 1508 Rückkehr in Heimat, dann in der Kapelle von Margarethe.'),
(28,'Tinctoris','Johannes Tinctoris',437,458,NULL,'http://d-nb.info/gnd/120427338','http://viaf.org/viaf/100214007/','Vor 12.10.1511 gestorben. Ausbildung in Nivelles, dann Cambrai (Dufay!), Orléans, Chartres. In den frühen 1470ern Kaplan und Sänger am aragonesischen Hof, unklar wann er den verließ, bis ca. 1495/96. Aufenthalte in Ferrara & Burgund, Pfründe in Nivelles. 1492 Motette zur Wahl Alexanders VI. komponiert. 1502 in Rom.'),
(29,'Pipelare','Matthaeus Pipelare',442,272,NULL,'http://d-nb.info/gnd/121885976','http://viaf.org/viaf/44566257/','Nur Anstellung in Herzogenbusch nachgewiesen, gestorben um 1510-16. Nicht mit Johannes Pippelaere zu verwechseln, der 1499-1500 in der päpstl. Kapelle war.'),
(30,'Pintelli','Johannes Pintelli',NULL,255,NULL,NULL,NULL,'Kurz vor dem 26.5.1505 verstorben; 1481-84 in Siena, dann Florenz (Ss Annunziata) bis 1491. 1504 in der päpstl. Kapelle gelistet'),
(31,'Caron','Philippe Caron',NULL,NULL,'Firminus',NULL,NULL,'keine Lebensdaten bekannt; von Tinctoris mit Ockeghem, Regis, Busnoys und Faugues als einer der führenden Komponisten seiner Zeit genannt'),
(32,'Prioris','Johannes Prioris',445,270,NULL,'http://d-nb.info/gnd/134488970','http://viaf.org/viaf/44566584/','Frz. Hofkapelle min. 1503-12. Wohl nicht der Johannes Praepositus der frz- Hofkapelle, päpstl. Kapelle und Ferrara. Früheste Messen nur in Hss. für die päpstl. Kapelle enthalten, dazu auch andere Werke (nur Josquin häufiger): 2 Magnifikats CS 44, Motette in CS 63, "Benedicta est" in CS 44 mit frz. Choral. Komponierte Werke in Tradition der päpstl. Kapelle, daher Aufenthalt in Rom vermutet (evtl. im Dienst von Kardinälen).'),
(34,'Fevin','Robert de Févin',NULL,272,NULL,'http://d-nb.info/gnd/18621751X','http://viaf.org/viaf/78648292','Bruder von Antoine de Fevin. Kaum Biographisches bekannt.');



--
-- Table structure for table `Handschrift`
--
DROP TABLE IF EXISTS `Handschrift`;
CREATE TABLE `Handschrift` (
  `idHandschrift` INTEGER PRIMARY KEY AUTOINCREMENT,
  `CensusCat` TEXT NOT NULL UNIQUE,
  `Bibliothek` INTEGER DEFAULT NULL,
  `Signatur` TEXT DEFAULT NULL,
  `Art` INTEGER DEFAULT NULL,
  `Herkunft` INTEGER DEFAULT NULL,
  `Datierung` INTEGER DEFAULT NULL,
  `Inhalt` TEXT,
  `DIAMM_Online` TEXT,
  `Verloren` INTEGER DEFAULT NULL,
  `Notizen` TEXT,
  `genutzt` INTEGER DEFAULT NULL,
  FOREIGN KEY (`Bibliothek`) REFERENCES `Bibliothek` (`idBibliothek`) ON UPDATE CASCADE,
  FOREIGN KEY (`Datierung`) REFERENCES `Zeit` (`idZeit`) ON UPDATE CASCADE,
  FOREIGN KEY (`Herkunft`) REFERENCES `Ort` (`idOrt`) ON UPDATE CASCADE,
  FOREIGN KEY (`Art`) REFERENCES `Quellenart` (`idQuellenart`) ON UPDATE CASCADE
);
CREATE INDEX "Handschrift_ix_Bibliothek" ON "Handschrift" ("Bibliothek");
CREATE INDEX "Handschrift_ix_Datierung" ON "Handschrift" ("Datierung");
CREATE INDEX "Handschrift_ix_Herkunft" ON "Handschrift" ("Herkunft");
CREATE INDEX "Handschrift_ix_Art" ON "Handschrift" ("Art");

--
-- Dumping data for table `Handschrift`
--
INSERT INTO `Handschrift` VALUES 
(1,'VatS 14',52,'Capp.Sist. 14',9,65,NULL,'Messen, Messteile','http://www.diamm.ac.uk/jsp/Descriptions?op=SOURCE&sourceKey=1460',0,'Copied in Naples; probably brought to Rome in 1475 by chapel of Ferrante I, King of Naples, for presentation to papal chapel (RothS).',1),
(2,'VatS 23',52,'Capp.Sist. 23',5,81,230,'Messen, Messteile','http://www.diamm.ac.uk/jsp/Descriptions?op=SOURCE&sourceKey=1467',0,'Copied in Rome, for use by Cappella Sistina.',1),
(3,'VatS 35',52,'Capp.Sist. 35',3,81,228,'Messen, Messteile, Motetten','http://www.diamm.ac.uk/jsp/Descriptions?op=SOURCE&sourceKey=1471',0,'Copied in Rome, for use by Cappella Sistina.',1),
(4,'VatS 41',52,'Capp.Sist. 41',5,81,344,'Messen, Messteile','http://www.diamm.ac.uk/jsp/Descriptions?op=SOURCE&sourceKey=1473',0,'Copied in Rome, for use by Cappella Sistina.',1),
(5,'VatS 49',52,'Capp.Sist. 49',3,81,NULL,'Messen, Motette','http://www.diamm.ac.uk/jsp/Descriptions?op=SOURCE&sourceKey=1478',0,'Copied in Rome, for use by Cappella Sistina.',1),
(6,'VatS 51',52,'Capp.Sist. 51',9,63,NULL,'Messen, Messteile','http://www.diamm.ac.uk/jsp/Descriptions?op=SOURCE&sourceKey=1479',0,'Part I copied in Naples; probably brought to Rome in 1475, by chapel of Ferrante I, King of Naples, for presentation to papal chapel (RothS). Parts II and III copied in Rome, for use by Cappella Sistina.',1),
(7,'VatS 63',52,'Capp.Sist. 63',3,81,223,'Messen, Magnificats, Motetten','http://www.diamm.ac.uk/jsp/Descriptions?op=SOURCE&sourceKey=1481',0,'Copied in Rome, for use by Cappella Sistina. French heraldry probably connected with visit of King Charles VIII to Rome in 1495 (SherrPC).',1),
(8,'VatS 197',52,'Capp.Sist. 197',5,81,NULL,'Messe','http://www.diamm.ac.uk/jsp/Descriptions?op=SOURCE&sourceKey=1484',0,'&nbsp;Copied in Rome, for use by Cappella Sistina.',1),
(9,'VatS 15',52,'Capp.Sist. 15',1,81,NULL,'Magnificats, Hymnen, Motetten','http://www.diamm.ac.uk/jsp/Descriptions?op=SOURCE&sourceKey=805',0,'Copied in Rome, for use by Cappella Sistina. French heraldry probably connected with visit of entourage of King Charles VIII to Rome in 1495 (SherrPC).',1),
(10,'VatS 42',52,'Capp.Sist. 42',1,81,NULL,'Passionen, Motetten','http://www.diamm.ac.uk/jsp/Descriptions?op=SOURCE&sourceKey=1474',0,'Copied in Rome, for use by Cappella Sistina. Ca. 1503-12 (SherrPM), with additions and revisions in first half of 16th century (DeanS); date 1507 on f. 154 is later addition, and may refer to date of composition of Carpentras Salve regina rather than date of copy.',1),
(11,'VatS 44',52,'Capp.Sist. 44',1,81,NULL,'Magnificats, Motetten, Benedictus','http://www.diamm.ac.uk/jsp/Descriptions?op=SOURCE&sourceKey=1475',0,'Copied in Rome, for use by Cappella Sistina.',1),
(12,'VatS 46',52,'Capp.Sist. 46',1,81,NULL,'Motetten','http://www.diamm.ac.uk/jsp/Descriptions?op=SOURCE&sourceKey=1477',0,'Copied in Rome, for use by Cappella Sistina.',1),
(13,'VienNB Mus. 15499',2,'MS Mus. 15499',3,20,293,'8 Masses, 3 motets = 11, Brumel-1, (Certon)-2, (Janequin)-1, (Jaquet of Mantua)-1, (Josquin)-1, (La Rue)-1, Morales-1, (Sermisy)-1, (Vinders)-1, anon-1','http://www.diamm.ac.uk/jsp/Descriptions?op=SOURCE&sourceKey=2658',0,'1540 (date on f. 2). Probably of German origin.',1),
(15,'VienNB Mus. 18832',2,'MS Mus. 18832',3,16,274,'89 bicinia*\n*A few items have text incipits or titles, but most pieces lack text, title, or other identification. Items identified from concordant sources include 43 Mass Ordinary sections, 3 Requiem Mass sections, 9 Magnificat sections, and 2 motets.\n(A. Agricola)-4, (Brumel)-4, (Brumel/Jhan of Ferrara)-1, (Brumel/Venalt)-1, (Compère)-2, (Divitis)-1, (A. Févin)-9, (A. Févin/ Mouton)-5, (Gascongne)-1, Isaac-2, (Josquin)-5, (Josquin/Ockeghem)-3, (La Rue)-5, (Obrecht)-2 + 1?, anon-43','http://www.diamm.ac.uk/jsp/Descriptions?op=SOURCE&sourceKey=3583',0,'1515-34, probably ca. 1521-5 (KellJ). Copied in Brussels/Mechlin; belongs to Netherlands court complex (KellJ). Sent to Raimund Fugger the Elder (1489-1535), of Augsburg. Fugger library purchased by Emperor Ferdinand III and brought to Vienna in 1656.',1),
(16,'VienNB Mus. 15495',2,'MS Mus. 15495',5,16,261,'7 Masses, Bruhier-1, Compère-1, A. Févin-1, Josquin-2, (Obrecht)-1, Therache-1','http://www.diamm.ac.uk/jsp/Descriptions?op=SOURCE&sourceKey=2068',0,'1508-11 (KellJ). Copied in Brussels/Mechlin; belongs to Netherlands court complex (KellJ). Prepared for Emperor Maximilian I and his wife, Bianca Maria Sforza (coats of arms on ff. 1v-2). Once in Schloss Ambras near Innsbruck. Transferred to Kunsthistorisches Staatsmuseum in Vienna in 1806; passed to Nationalbibliothek in 1936.',1),
(17,'VienNB Mus. 15497',2,'MS Mus. 15497',5,16,267,'6 Masses (1 incomplete), 2 Kyries = 8, Barbireau-1, A. Févin-2, La Rue-3, Mouton/(A. Févin)-1, Prioris-1','http://www.diamm.ac.uk/jsp/Descriptions?op=SOURCE&sourceKey=2070',0,'1512-6 (KellBP); ca. 1514-6 (WarmMC). Copied in Brussels/ Mechlin; belongs to Netherlands court complex (KellJ). Prepared for Ulrich Pfinzing (1481-1530), treasurer at court of Emperor Maximilian I (coat of arms on f. 10). Once in Schloss Ambras near Innsbruck. Transferred to Kunsthistorisches Staatsmuseum in Vienna in 1806; passed to Nationalbibliothek in 1936.',1),
(18,'VienNB Mus. 16746',2,'MS Mus. 16746',3,99,214,'2 Masses (incomplete), 1 Kyrie-Gloria pair (with some German text), 7 Mass Proper sections, 1 motet, 2 Latin/German sacred piece = 13, (La Rue)-1, anon-12','http://www.diamm.ac.uk/jsp/Descriptions?op=SOURCE&sourceKey=1987',0,'First half of 16th century. Possibly of southwest German origin (watermark associated with Baden).',1),
(19,'VienNB 11778',2,'MS 11778',5,16,279,'6 Masses, 2 Credos = 8, Josquin-5, Josquin/(Brumel)-2, Ockeghem/(Josquin)-1','http://www.diamm.ac.uk/jsp/Descriptions?op=SOURCE&sourceKey=2067',0,'1521-34, probably ca. 1521-5 (KellJ). Copied in Brussels/Mechlin; belongs to Netherlands court complex (KellJ). Sent to Raimund Fugger the Elder (1489-1535), of Augsburg. Fugger library purchased by Emperor Ferdinand III and brought to Vienna in 1656.',1),
(21,'VienNB 11883',2,'MS 11883',3,68,213,'Messen, Messteile, Motette','http://www.diamm.ac.uk/jsp/Descriptions?op=SOURCE&sourceKey=1985',0,'Vielleicht Niederlande, teilweise Brüssel/Mechlin, niederl. Hofkomplex; an Raimund Fugger d.Ä. nach Augsburg geschickt, Bibliothek von Ferdinand III gekauft und 1656 nach Wien gebracht',1),
(22,'VienNB 4809',2,'MS 4809',5,16,279,'7 Messen','http://www.diamm.ac.uk/jsp/Descriptions?op=SOURCE&sourceKey=2065',0,'Kopiert in Brüssel/Mechlin, niederl. Hofkomplex; an Raimund Fugger d.Ä. nach Augsburg geschickt, Bibliothek von Ferdinand III gekauft und 1656 nach Wien gebracht',1),
(23,'VienNB 1783',2,'MS 1783',5,16,238,'Messen, Messteile','http://www.diamm.ac.uk/jsp/Descriptions?op=SOURCE&sourceKey=2064',0,'Kopiert in Brüssel/Mechlin; niederl. Hofkomplex; Hochzeitsgeschenk für Manuel I, König v. Portugal, und Marie v. Spanien',1),
(24,'BrusBR 9126',4,'9126',3,16,254,'9 Masses, 3 Magnificats, 10 motets = 22\nA. Agricola-5, Barbireau-1, Josquin-7, La Rue-7, La Rue/(Josquin)-1, Orto-1','http://www.diamm.ac.uk/jsp/Descriptions?op=SOURCE&sourceKey=1632',0,'1505 (KellJ). Copied in Brussels/Mechlin; belongs to Netherlands court complex (KellJ).\n',1),
(25,'BrusBR 5557',4,'5557',3,17,217,'11 Masses, 1 Kyrie (incomplete), 1 Agnus (incomplete), 2 Magnificats, 1 hymn, 8 motets (1 incomplete) = 24, Busnois-9 + 1?, Cockx-1, (Dufay)-3 + 1?, Frye-3, (Ockeghem)-1, Ockeghem/(Heyns)-1, (Plummer)-1, Regis-1, anon-2','http://www.diamm.ac.uk/jsp/Descriptions?op=SOURCE&sourceKey=1629',0,'1459-80 (KennO); ca. 1465-80 (WegmanB); ca. 1460-75 (CurtisEM); first five Masses 1468-71 (WarmB). Copied in Cambrai or the province of Hainaut (KennO). Probably copied mostly in Bruges; ff. 77-83 possibly copied in Paris (WegmanB). Compiled for Charles the Bold (KennO). Not owned by Charles the Bold; coat of arms may be that of one of Charles´ illegitimate brothers (CurtisEM). Heraldic evidence confirms arms as those of Charles the Bold (WarmB).',1),
(26,'BasU F.IV.25e-f',5,'F.IX.25e-f',5,9,410,'3 Masses (incomplete)','http://www.diamm.ac.uk/jsp/Descriptions?op=SOURCE&sourceKey=3828',0,'Probably copied in Basel or vicinity (KmetzH). Acquired by present library in 17th century.',1),
(27,'BasU F.X.21',5,'F.X.21',4,9,408,'1 Mass Ordinary section, 2 motets, 14 German sacred pieces, 80 German secular pieces, 2 Italian secular pieces = 99','http://www.diamm.ac.uk/jsp/Descriptions?op=SOURCE&sourceKey=1554',0,'Once owned by Georgius Hugoni; given in 1574 to Ludwig Iselin (1559-1612), of Basel (inscription on f. 100v). Acquired by present library from Iselin estate in 1669.',1),
(28,'BasU F.VI.26e',5,'F.VI.26e',5,9,410,'1 Mass','http://www.diamm.ac.uk/jsp/Descriptions?op=SOURCE&sourceKey=2816',0,'Probably copied in Basel or vicinity. Probalbly aquired by present library in 1823, from collection of Remigius Faesch, a Basel lawyer.',1),
(29,'BasU F.IV.25a-d',5,'F.IX.25a-d',5,9,410,'3 Masses','http://www.diamm.ac.uk/jsp/Descriptions?op=SOURCE&sourceKey=1968',0,'Probably copied in Basel or vicinity (KmetzH). Acquired by present library in 17th century.',1),
(30,'HRadKM 7',9,'II A 7',3,12,415,'4 Kyrie-Gloria-Credo-Sanctus Masses, 1 Kyrie-Gloria-Credo Mass, 10 Credo-Sanctus pairs, 2 Kyries, 3 Glorias, 12 Credos, 18 Sanctus (some of the preceding have texts which are partly in Czech), 2 Mass Proper cycles (1 with Kyrie and Sanctus), 139 motets, 5 Czech sacred pieces, 5 textless pieces = 201','http://www.diamm.ac.uk/jsp/Descriptions?op=SOURCE&sourceKey=976',0,'Sent as gift to [Church of?] St. Peter´s [Chains?] by Michal Murati in 1611 (inscription inside front cover).',1),
(31,'BerlPS 40634',61,'MS Mus. 40634',5,22,409,'21 Masses','http://www.diamm.ac.uk/jsp/Descriptions?op=SOURCE&sourceKey=1576',0,'Of German origin; perhaps copied in Stuttgart or vicinity. Owned by the musicologist and collector Werner Wolffheim (1877-1930). Offered for sale at 1929 auction of Wolffheim´s library, conducted by Breslauer &amp; Liepmannssohn Antiquariat, Berlin; subsequently purchased by Preussische Staatsbibliothek, Berlin.',1),
(32,'BerlS 40091',11,'MS Mus. 40091',5,81,375,'8 Masses','http://www.diamm.ac.uk/jsp/Descriptions?op=SOURCE&sourceKey=1582',0,'Probably copied for the Church of San Luigi dei Francesi in Rome.',1),
(33,'BerlPS 40013',61,'MS Mus. 40013',3,102,397,'3 Masses, 3 Kyrie-Gloria pairs, 1 Sanctus-Agnus pair, 4 Kyries, 1 Credo, 22 Mass Proper sections, 16 Magnificats, 1 Te Deum, 1 canticle, 7 office hymns, 1 processional hymn, 3 Passions (2 in German), 38 Motets, 2 sets of responses, 1 Benedicamus domino, 4 Latin/German sacred pieces, 21 German sacred pieces = 129','http://www.diamm.ac.uk/jsp/Descriptions?op=SOURCE&sourceKey=1564',1,'Copied at Torgau, under the supervision of Walter, for use of the Pfarrkirche',1),
(34,'BerlS 40021',11,'MS Mus. 40021',4,36,345,'15 Masses, 1 Kyrie, 1 Gloria, 10 Mass Proper sections, 11 Magnificats, 1 Te Deum, 1 Canticle, 20 office hymns, 6 processional hymns, 1 set of responses, 1 Latin/German sacred piece, 58 motets, 6 German sacred pieces, 1 German secular piece, 18 textless pieces = 151','http://www.diamm.ac.uk/jsp/Descriptions?op=SOURCE&sourceKey=1579',0,'The exact place of origin of this choirbook has not yet been convincingly established. Fétis discovered the manuscript in 1849 at the cathedral in Halberstadt, and it has been assumed that it originated there. EhmA, however, suggested that the manuscript was copied in Torgau, and later sent to Halberstadt. JustM suggests Leipzig as the place of origin. The former Preussische Staatsbibliothek acquired the manuscript from Butsch Antiquariat in Augsburg; after World War II, it was moved to its present location at the West Berlin library.',1),
(35,'HerdF 9821',17,'9821',4,20,399,'3 Masses (incomplete; each has Kyrie + 1 or more additional sections), 1 Kyrie-Gloria Mass, 2 Kyrie-Sanctus Masses, 2 Kyries, 1 Mass Ordinary section, 12 motets, 4 French secular pieces, 2 Dutch secular pieces = 27','http://www.diamm.ac.uk/jsp/Descriptions?op=SOURCE&sourceKey=2956',0,'Probably of German origin.',1),
(36,'EisS s.s.',13,'s.s. (Eisenacher Cantorenbuch)',3,23,419,'3 Kyrie-Gloria pairs, 1 Sanctus-Agnus pair, 2 Kyries, 1 Gloria, 1 Sanctus, 20 Mass Proper sections, 7 Magnificats, 1 canticle, 2 psalms, 4 office hymns, 1 processional hymn, 1 Passion, 13 motets, 2 Latin/German sacred pieces, 1 set of responses, 1 Benedicamus domino = 61','http://www.diamm.ac.uk/jsp/Descriptions?op=SOURCE&sourceKey=1138',0,'',1),
(37,'JenaU 7',18,'7',5,25,264,'7 Masses','http://www.diamm.ac.uk/jsp/Descriptions?op=SOURCE&sourceKey=1223',0,'http://archive.thulb.uni-jena.de/hisbest/receive/HisBest_cbu_00014321',1),
(38,'JenaU 36',18,'36',5,60,425,'7 Masses, 2 Credos = 9','http://www.diamm.ac.uk/jsp/Descriptions?op=SOURCE&sourceKey=1236',0,'http://archive.thulb.uni-jena.de/hisbest/receive/HisBest_cbu_00014290',1),
(39,'JenaU 22',18,'22',5,25,356,'13 Masses, 1 Kyrie = 14','http://www.diamm.ac.uk/jsp/Descriptions?op=SOURCE&sourceKey=1229',0,'http://archive.thulb.uni-jena.de/hisbest/receive/HisBest_cbu_00014267',1),
(40,'JenaU 3',18,'3',5,25,433,'8 Masses','http://www.diamm.ac.uk/jsp/Descriptions?op=SOURCE&sourceKey=1220',0,'http://archive.thulb.uni-jena.de/hisbest/receive/HisBest_cbu_00014218',1),
(41,'JenaU 32',18,'32',5,98,353,'15 Masses, 1 Credo = 16','http://www.diamm.ac.uk/jsp/Descriptions?op=SOURCE&sourceKey=1232',0,'http://archive.thulb.uni-jena.de/hisbest/receive/HisBest_cbu_00014283',1),
(42,'JenaU 31',18,'31',5,98,227,'4 Messen (Ordinaria)','http://www.diamm.ac.uk/jsp/Descriptions?op=SOURCE&sourceKey=1231',0,'http://archive.thulb.uni-jena.de/hisbest/receive/HisBest_cbu_00014279',1),
(43,'DresSL Pirna IV',12,'Pirna 4',3,77,NULL,'4 Masses, 6 Mass Proper sections, 7 motets = 17','http://www.diamm.ac.uk/jsp/Descriptions?op=SOURCE&sourceKey=1749',0,'Kopiert für die Stadtkirche St. Marien in Pirna; Galt lange als während des WWK2 verschollen, überlebte aber schwer beschädigt',1),
(44,'DresSL 1/D/506',12,'1/D/506 (auch als Annaberg 1126)',3,110,389,'5 Masses, 10 Kyries, 7 Glorias, 3 Credos, 6 Sanctus, 7 Agnus, 73 Mass Proper sections, 8 Magnificats, 38 hymns, 4 motets, 1 textless piece = 162','http://www.diamm.ac.uk/jsp/Descriptions?op=SOURCE&sourceKey=1714',0,'Probably copied in Wittenberg or vicinity; later taken to Annaberg and used at Church of St. Anne (SteudeUM)',1),
(45,'DresSL 1/D/505',12,'1/D/505',3,110,265,'8 Masses, 3 Kyries, 2 Glorias, 1 Credo, 1 Agnus, 93 Mass Proper sections, 5 Magnificats, 2 Te Deums, 2 psalms, 10 hymns, 1 Pas-sion, 34 motets, 1 German sacred piece, 3 textless pieces = 166','http://www.diamm.ac.uk/jsp/Descriptions?op=SOURCE&sourceKey=1713',0,'Probably copied in Wittenberg or vicinity; later taken to Annaberg and used at Church of St. Anne (SteudeUM)',1),
(46,'DresSL 1/E/24',12,'1/E/24',3,59,327,'1 Kyrie-Gloria pair, 2 Sanctus, 17 Mass Proper sections, 1 Magnificat, 4 office hymns, 1 processional hymn, 14 motets, 8 Latin/ German sacred pieces, 12 German sacred pieces = 60','http://www.diamm.ac.uk/jsp/Descriptions?op=SOURCE&sourceKey=1715',0,NULL,1),
(47,'DresSL Grimma 52',12,'Grimma 52',4,14,324,'Part I: 47 German secular pieces, copied from RISM 1607/25. Part II: 9 motets, 2 German sacred pieces, 1 Italian secular piece = 12. Part III: 3 motets, 2 German sacred pieces, 22 Italian secular pieces (textless in this source), copied from the print RISM M584 = 27+1 duplicate = 28. Part IV: 20 textless pieces. Total for manuscript = 106 + 1 duplicate = 107','http://www.diamm.ac.uk/jsp/Descriptions?op=SOURCE&sourceKey=1725',0,'Erster Besitzer war Clemens Haineck aus Borna, der das Ms seinem Sohn Martin gab, Rektor der Fürstenschule St. Augustin in Grimma 1588-1610, nach dessen Tod kam es in die dortige Bibl.',1),
(48,'DresSL Grimma 53',12,'Grimma 53',3,58,405,'1 Mass, 2 Kyrie-Gloria pairs, 1 Kyrie, 1 Sanctus, 4 Mass Proper sections, 1 Te Deum, 1 Canticle, 2 hymns, 14 motets, 3 German sacred pieces = 30','http://www.diamm.ac.uk/jsp/Descriptions?op=SOURCE&sourceKey=1726',0,'Kopiert in der Fürstenschule St. Afra in Meissen, unter Wolfgang Figulis, nach 1588 an Friedrich Birck den Kantor der Schule St. Augustin in Grimma',1),
(49,'DresSL Grimma 59a',12,'Grimma 59a',3,58,404,'1 Mass, 1 hymn, 16 motets, 1 German sacred piece = 19','http://www.diamm.ac.uk/jsp/Descriptions?op=SOURCE&sourceKey=1733',0,'Kopiert in der Fürstenschule St. Afra in Meissen, unter Wolfgang Figulis, nach 1588 an Friedrich Birck den Kantor der Schule St. Augustin in Grimma',1),
(50,'FrankSU 2',14,'Mus. fol. 2',5,33,368,'10 Messen','http://www.diamm.ac.uk/jsp/Descriptions?op=SOURCE&sourceKey=1139',0,'characteristic German choirbook format (Rifkin). Probably brought to Frankfurt on some ceremonial occasion, such as the visit of a king or emperor (HoffM). &nbsp;(Ähnlichkeit mit Mss. in Jena)',1),
(51,'GreifU 640-1',15,'640-641 (olim Eb133)',4,7,394,'2 Kyries, 2 Mass Ordinary sections, 5 Mass Proper sections, 3 Te Deums, 1 psalm, 7 hymns, 2 Passions, 32 motets (1 incomplete), 17 German sacred pieces, 1 German secular piece = 72','http://www.diamm.ac.uk/jsp/Descriptions?op=SOURCE&sourceKey=1143',0,'Original owner and main scribe was Joannes Soldeke, a minister in Barth, who purchased printed partbooks in 1539 (inscription inside front cover of B book). Following Soldeke´s death (1588), his widow gave partbooks to Michael Froboese, of Wolgast. Froboese donated manuscript to city library in Wolgast, whose holdings later were incorporated in the Universitätsbibliothek in nearby Greifswald.',1),
(52,'LeipU 49',19,'Thomaskirche 49 (1-4)',4,49,402,'15 Mass Ordinary cycles (some with Proper sections), 1 Mass Ordinary section, 4 Mass Proper cycles, 39 Mass Proper sections, 18 Magnificats, 2 Te Deums, 1 canticle, 8 office hymns, 3 processional hymns, 1 set of Lamentations, 3 Passions (2 in German), 129 motets, 2 sets of responses, 4 Latin/German sacred pieces, 10 German sacred pieces, 1 German secular piece, 1 Italian secular piece, 1 set of textless canons (in MS 50 only) = 243 + 11 pieces copied twice = 254','http://www.diamm.ac.uk/jsp/Descriptions?op=SOURCE&sourceKey=1151',0,'Copied in Leipzig, perhaps under the direction of Melchior Heger (1522-68), cantor at the St. Thomaskirche. Remained in library of Thomaskirche until 1930,',1),
(53,'LeipU 51',19,'Thomaskirche 51 (1-2)',4,49,401,'20 Masses, 1 Te Deum, 58 motets, 1 German sacred piece, 1 Latin/Italian secular piece (= Josquin´s "In te domine speravi," with Latin psalm text only in this source), 19 pieces with Latin texts in classical meters (Horatian odes, etc.), 1 textless piece = 101','http://www.diamm.ac.uk/jsp/Descriptions?op=SOURCE&sourceKey=1864',0,'Copied in Leipzig, perhaps under the direction of Melchior Heger (1522-68), cantor at the St. Thomaskirche. Remained in library of Thomaskirche until 1930,',1),
(54,'LeipU 1494',19,'1494',4,49,350,'8 Masses, 2 Kyries, 1 Credo fragment, 1 Agnus, 8 Mass Proper sections, 3 Magnificats, 1 Te Deum, 5 psalms, 47 office hymns, 4 processional hymns, 46 motets, 2 responses, 5 German sacred pieces, 2 motet-chansons, 5 German secular pieces, 2 Italian secular pieces, 21 textless pieces = 163 + 15 duplicates = 178','http://www.diamm.ac.uk/jsp/Descriptions?op=SOURCE&sourceKey=1866',0,'Possibly copied in Leipzig. According to inscription inside back cover, manuscript was bound in Leipzig on September 1, 1504, at the behest of Nikolaus Apel (ca. 1470-1537).',1),
(55,'MunBS 65',20,'Mus. Ms. 65',5,5,381,'6 Masses, 2 Requiem Masses, 1 Credo = 9','http://www.diamm.ac.uk/jsp/Descriptions?op=SOURCE&sourceKey=2207',0,'Perhaps copied in Augsburg (BenteNW); copied in Munich (RifRM), for use at the court of Wilhelm IV, Duke of Bavaria (1493-1550). Kept in Munich Hofkapelle library until end of 18th century',1),
(56,'MunBS 3154',20,'Mus. Ms. 3154',4,40,339,'22 Masses, 1 Kyrie-Gloria pair, 1 Sanctus-Agnus pair, 6 Kyries, 1 Gloria, 2 Credos, 1 Sanctus, 1 Agnus, 33 Mass Proper sections, 11 Magnificats, 1 psalm, 10 hymns, 2 motet cycles (substitutes for Mass Ordinary sections), 64 motets, 7 German secular pieces, 1 Dutch secular piece, 20 textless pieces, 3 unidentified fragments = 187+4 duplicates = 191','http://www.diamm.ac.uk/jsp/Descriptions?op=SOURCE&sourceKey=797',0,'Probably copied in Innsbruck (and Augsburg?), perhaps by scribes associated with imperial court chapel. Several fascicles, possibly entire manuscript, once owned by Nikolaus Leopold of Innsbruck (later of Brescia), whose name appears on several folios (see FässNL for biographical details)',1),
(57,'MunBS C',20,'Mus. Ms. C',5,62,301,'6 Masses, 1 Requiem Mass, 1 motet (later addition), 1 German sacred piece (later addition) = 9','http://www.diamm.ac.uk/jsp/Descriptions?op=SOURCE&sourceKey=2226',0,'Probably commissioned by the Palatine count Ottheinrich (or by Wilhelm IV, Duke of Bavaria), in memory of Ottheinrich´s wife Susanna (a sister to Wilhelm), who died in 1543. Manuscript included in 1544 inventory of music used by Ottheinrich´s chapel at Neuburg (see HeidU 318)',1),
(58,'MunBS 510',20,'Mus. Ms. 510',5,5,269,'8 Masses','http://www.diamm.ac.uk/jsp/Descriptions?op=SOURCE&sourceKey=2212',0,'Possibly copied in Augsburg (BenteNW); copied in Munich (RifRM). Apparently intended for Cardinal Matthaeus Lang (Archbishop of Salzburg 1519-40), but probably never presented',1),
(59,'MunU 239',21,'MS 2° Art. 239',4,9,NULL,'2 Masses, 1 Mass Proper section, 1 hymn, 1 motet, 1 French secular piece (without text) = 6','http://www.diamm.ac.uk/jsp/Descriptions?op=SOURCE&sourceKey=2011',0,'Copied in Basel, probably by students of the humanist and theorist Heinrich Glareanus (1488-1563).',1),
(60,'NurGN 83795',22,'83795',3,102,393,'6 Masses, 7 Kyrie-Gloria pairs, 1 Kyrie, 1 Credo, 19 Mass Proper sections, 17 Magnificats, 1 Te Deum, 8 office hymns, I processional hymn, 1 Latin Passion, 2 German Passions, 50 motets, 3 Latin/German sacred pieces, 25 German sacred pieces = 142 + 1 duplicate = 143','http://www.diamm.ac.uk/jsp/Descriptions?op=SOURCE&sourceKey=2258',0,'Copied in Torgau, under direction of Johann Walter, for use in Pfarrkirche or Schlosskirche. Subsequent history unknown until 19th century',1),
(61,'RosU 40',23,'Saec. XVI-40',5,82,422,'1 plenary Mass, 17 Masses, 2 Kyrie-Gloria pairs, 1 German Credo = 21','http://www.diamm.ac.uk/jsp/Descriptions?op=SOURCE&sourceKey=2450',0,'Probably copied in Rostock.',1),
(62,'RosU 49',23,'Saec. XVI-49',3,37,325,'25 Masses, 32 Mass Proper sections, 24 Magnificats (2 with Latin or German tropes), 8 Te Deums (1 in German), 23 psalms, 43 hymns, 1 Passion, 37 motets, 4 sets of responses, 7 Benedicamus dominos = 204','http://www.diamm.ac.uk/jsp/Descriptions?op=SOURCE&sourceKey=2463',0,'Compiled by Jacob Praetorius I, organist at churches of St. Gertrud and St. Jacob in Hamburg from 1555 until his death in 1586; dedication to Johann Albrecht I (1525-76), Duke of Mecklenburg-Schwerin, and to Johann´s brother, Duke Ulrich III (1527-1603).',1),
(63,'RegB B220-2',24,'B 220-2',4,84,418,'7 Mass Ordinary sections, 43 motets, 1 Latin secular piece = 51','http://www.diamm.ac.uk/jsp/Descriptions?op=SOURCE&sourceKey=2429',0,'Perhaps copied in Salzburg; possibly associated with the schoolmaster and composer Johannes Stomius (1502-62).',1),
(64,'RegB C100',24,'C 100',5,79,320,'12 Masses, 8 Mass Proper sections = 20','http://www.diamm.ac.uk/jsp/Descriptions?op=SOURCE&sourceKey=2434',0,'1560 (dated preface). Copied in Regensburg.',1),
(65,'StuttL 46',25,'46',5,96,290,'4 Masses','http://www.diamm.ac.uk/jsp/Descriptions?op=SOURCE&sourceKey=2542',0,'Copied in Stuttgart, for use by court chapel of Ulrich, Duke of Württemberg (1487-1550).',1),
(66,'StuttL 47',25,'47',3,96,257,'Ordinariumszyklen und Motetten','http://www.diamm.ac.uk/jsp/Descriptions?op=SOURCE&sourceKey=3843',0,'Die Hs wurde _Dr Ernst Kyriss hat diese Ergebnis bestätigt; von dem Nachfolger des Johannes Ωoll in Tübingen gebunden. Johannes Zoll ist als Buchbinder in Tübingen bis zum Jahre 1501 nachweisbar, später scheint er als Sortimentbuchhändler tätig gewen zu sein. Die Werkstatt ging an einen bisher nicht identifiierten Nachfolger uuber (vgl. Kyriss I, 57f). Nach Auskunft von Gerhard Piccard können für die beiden Wasswezeichen der Hs folgende Nachweise erbracht werden: Wz1 (Krone) 1492-1508 in Nürnberg, Würzburg und Köln; Wz 2 (Ochsenkopf) um 1500 in Innsbruck, München und Nünberg. Es kann damit als sicher gelten, daß diese Hs zu den ersten Codices gehört, die für die 1507 gegründete hofkapelle angelegt wurden (vgl.Bossert I, 391 ff).',1),
(67,'StuttL HB 26',25,'HB XVII, 26',6,11,403,'Treatise on music, with polyphonic examples: 5 Mass Ordinary sections (without text), 1 hymn, 1 motet, 1 German secular piece (without text), 46 textless pieces = 54','http://www.diamm.ac.uk/jsp/Descriptions?op=SOURCE&sourceKey=2543',0,'Ca. 1560 (GottHH). Copied in Bavaria (GottHH).',1),
(68,'StuttL 44',25,'44',5,96,395,'5 Masses (1 incomplete)','http://www.diamm.ac.uk/jsp/Descriptions?op=SOURCE&sourceKey=2540',0,'Copied in Stuttgart, for use by court chapel of Ulrich, Duke of Württemberg (1487-1550).',1),
(69,'WolfA A',27,'A Augusteus 2°',5,62,278,'6 Masses, 1 Requiem Mass = 7','http://www.diamm.ac.uk/jsp/Descriptions?op=SOURCE&sourceKey=2690',0,'Copied in Munich, for use at court of Wilhelm IV, Duke of Bavaria (1493-1550). Removed from Munich by Swedish armies in 1631. Acquired in 1653 by August the Younger, Duke of Braunschweig-Lüneburg-Wolfenbüttel (1579-1666), from Georg Forstenheuser, of Nuremberg.',1),
(70,'WeimB B',28,'B',3,102,296,'2 Masses, 1 Kyrie-Gloria pair, 3 Kyries, 1 Gloria, 13 Mass Proper sections, 3 Magnificats, 1 Te Deum, 1 canticle, 4 office hymns, 1 processional hymn, 3 Passions (2 in German; 2 incomplete), 21 motets, 1 set of responses, 3 Latin/German sacred pieces, 17 German sacred pieces = 75','http://www.diamm.ac.uk/jsp/Descriptions?op=SOURCE&sourceKey=2679',0,'Copied in Torgau, perhaps for use at Wittenberg Schlosskirche (GerhW). Taken from Wittenberg to Weimar by Johann Friedrich I, deposed Elector of Saxony, in 1548. Transferred to ccccc ca. 1923, but subsequently returned to Weimar.',1),
(71,'ZwiR 119/1',29,'119.1',5,111,409,'Liturgical book, with polyphony: 1 Mass (incomplete), 6 Credos, 3 Sanctus-Agnus pairs, 1 motet = 11','http://www.diamm.ac.uk/jsp/Descriptions?op=SOURCE&sourceKey=2018',0,'Copied in Zwickau. Owned by Stephan Roth (1492-1546), rector of Latin school at Zwickau 1517-20, city scribe of Zwickau 1526-46. Bequeathed by Roth to Zwickau Ratsschulbibliothek in 1546.',1),
(72,'ZwiR 78/3',29,'78.3',4,112,391,'1 Mass Ordinary section (without text), 2 motets (without text), 13 French secular pieces (without text), 3 Italian secular pieces (2 without text; 1 with text incipit "Fortuna"), 1 Dutch secular piece (without text), 1 German secular piece (without text), 5 textless pieces = 26','http://www.diamm.ac.uk/jsp/Descriptions?op=SOURCE&sourceKey=2770',0,'Probably copied in Zwickau. Owned by Stephan Roth (1492-1546), rector of Latin school at Zwickau 1517-20, city scribe of Zwickau 1526-46. Bequeathed by Roth to Zwickau Ratsschulbibliothek in 1546.',1),
(73,'BarcOC 5',31,'5',3,34,229,'6 mass settings, 1 kyrie-gloria pairing, 1 kyrie, 1 sanctus, 1 gloria, 8 motets, 4 un-texted pieces.','http://www.diamm.ac.uk/jsp/Descriptions?op=SOURCE&sourceKey=1537',0,'Urchuigia 2011',1),
(74,'ToleBC 19',33,'19',5,101,299,'5 Masses','http://www.diamm.ac.uk/jsp/Descriptions?op=SOURCE&sourceKey=2556',0,'Urchueguía: Die mehrstimmige Messe',1),
(75,'ToleBC 27',33,'27',5,101,NULL,'5 Masses, 1 Kyrie, 1 Agnus','http://www.diamm.ac.uk/jsp/Descriptions?op=SOURCE&sourceKey=2562',0,'Urchueguía: Die mehrstimmige Messe',1),
(76,'ToleBC 16',33,'16',5,101,297,'5 Masses, 1 Et incarnatus','http://www.diamm.ac.uk/jsp/Descriptions?op=SOURCE&sourceKey=2553',0,'Urchueguía: Die mehrstimmige Messe',1),
(77,'ToleF 23',33,'Reservado 23',3,66,385,'6 Masses, 1 Requiem Mass, 8 Magnificats, 1 Passion, 16 motets = 32','http://www.diamm.ac.uk/jsp/Descriptions?op=SOURCE&sourceKey=1183',0,'Probably copied in Low Countries; original recipient not yet determined.',1),
(78,'ToleBC 9',33,'9',3,101,305,'5 Masses, 1 Antiphon','http://www.diamm.ac.uk/jsp/Descriptions?op=SOURCE&sourceKey=2549',0,'Urchueguía: Die mehrstimmige Messe',1),
(79,'CambraiBM 125-8',34,'125-8',4,15,298,'13 Masses, 2 Mass fragments, 64 motets, 125 French secular pieces, 9 Flemish secular pieces, 3 Italian secular pieces, 12 textless pieces (1 is monophonic) = 228 + 1 duplicate = 229','http://www.diamm.ac.uk/jsp/Descriptions?op=SOURCE&sourceKey=1669',0,'Besitzer, lt. Titelseite, Zeghere van Male (1504-1601), Tuchhändler',1),
(80,'CambraiBM 4',34,'4',3,18,387,'18 Masses, 2 motets = 20','http://www.diamm.ac.uk/jsp/Descriptions?op=SOURCE&sourceKey=1664',0,'Kopiert in der Kathedrale Cambrai',1),
(81,'CambraiBM 18',34,'18',3,18,382,'17 Masses, 2 Credos, 1 Te Deum, 2 motets (1 fragmentary) = 22','http://www.diamm.ac.uk/jsp/Descriptions?op=SOURCE&sourceKey=1668',0,'Kopiert in der Kathedrale Cambrai',1),
(82,'ParisBNC 676',35,'Ms. Rés. Vm/7 676',4,57,245,'3 Magnificats, 1 canticle, 2 hymns, 7 motets or laude, 1 litany, 1 Benedicamus domino, 87 Italian secular pieces (a few are laude), 1 Latin secular piece, 2 Latin/Italian secular pieces, 6 French secular pieces, 1 Spanish secular piece, 2 textless pieces = 114','http://www.diamm.ac.uk/jsp/Descriptions?op=SOURCE&sourceKey=2377',0,'Copied in Mantua, for court of Isabella d´Esté, or in Ferrara, for court of Èrcole I d´Este, Duke of Ferrara (BridgmM). Purchased by Bibliothèque Nationale from Paris bookselling firm of Arthur Rau, in 1935; previous ownership not traced.',1),
(83,'ParisBNC 851',35,'Ms. Rés. Vma. 851',4,76,416,'23 Masses, 2 Kyries, 1 Mass Proper section, 1 Magnificat, 22 hymns, 166 motets, 163 Italian secular pieces, 57 French secular pieces, 1 Latin secular piece, 31 instrumental pieces, 2 textless pieces = 469','http://www.diamm.ac.uk/jsp/Descriptions?op=SOURCE&sourceKey=2378',0,'Late 16th century. Probably copied in Parma or Ravenna (BridgmAH). Owned in 19th century by the French pianist and composer Clarisse Bourdeney (1849-96). Purchased by Bibliothèque Nationale from Bourdeney´s heirs in 1954.',1),
(84,'LonBL 31922',37,'Add. 31922',4,51,369,'1 motet, 1 motet-chanson, 1 English/Latin carol, 53 English secular pieces, 12 French secular pieces, 3 French/English secular pieces, 3 Dutch secular pieces (some of preceding have text incipits or titles only), 35 textless pieces (several have concordances with French or Latin texts, but most are unique to this source; probably intended for instrumental performance) = 109','http://www.diamm.ac.uk/jsp/Descriptions?op=SOURCE&sourceKey=1238',0,'Probably copied in London, as an anthology of repertory of court of King Henry VIII.',1),
(85,'LonBL 4911',37,'Add. 4911',6,87,406,'Anonymous treatise, "The Art of Music collecit out of All Ancient Doctouris of Music," with polyphonic examples: 6 Mass Ordinary sections, 16 Magnificat sections, 1 Te Deum, 7 office hymns, 1 processional hymn, 4 motets, 193 textless pieces or fragments (of which the following have been identified from concordant sources: 15 Mass Ordinary sections, 1 Mass Proper section, 1 psalm, 2 office hymns, 3 motets, 1 litany, 5 English sacred and secular pieces, 1 French secular piece) = 228','http://www.diamm.ac.uk/jsp/Descriptions?op=SOURCE&sourceKey=1870',0,'&nbsp;most likely prepared for use in a song school for boys (MaynAS, who disputes earlier assertions that treatise was prepared for university students at Edinburgh or St. Andrews). Earliest known owner was Sir Francis Kinaston (1587-1642), of Oteley, Shropshire. Later owned by Sir John Hawkins (1719-89), who referred to it, with some inaccuracies, in his General History … (1776), and donated it to British Museum in 1778.',1),
(86,'BudOS 24',38,'Bártfa 24',3,6,414,'6 Masses, 14 Kyrie-Gloria pairs, 4 Kyries, 1 German Credo, 13 Mass Proper cycles, 10 Mass Proper sections, 1 German Te Deum, 3 psalms, 2 hymns, 13 motets, 1 set of responses, 1 German sacred piece, 1 German/Latin sacred piece = 70','http://www.diamm.ac.uk/jsp/Descriptions?op=SOURCE&sourceKey=1655',0,'Aus der Kirche St. Aegidi in Bartfa',1),
(87,'BudOS P6',38,'Bártfa Pr 6',3,6,421,'1 Mass, 1 Kyrie-Gloria pair, 2 Mass Proper cycles, 5 Magnificats, 1 German Te Deum, 1 psalm, 54 hymns (3 are textless in this source), 5 responses, 15 motets, 5 Latin/German sacred pieces, 3 German sacred pieces (1 monophonic), 1 textless piece, 1 textless fragment = 95 (some are duplicates)','http://www.diamm.ac.uk/jsp/Descriptions?op=SOURCE&sourceKey=2828',0,'Aus der Kirche St. Aegidi in Bartfa',1),
(88,'BudOS 20',38,'Bártfa 20',3,6,NULL,'15 Masses, 2 Kyrie-Gloria pairs, 2 Kyries, 1 German Credo, 1 Sanctus, 24 Mass Proper cycles, 10 Mass Proper sections, 1 Passion, 3 motets, 1 set of responses, 1 German sacred piece, 1 Latin/Czech piece = 62',NULL,0,'Aus der Kirche St. Aegidi in Bartfa',1),
(89,'HeilbS X/2',16,'MS X/2',4,29,411,'29 pieces with Latin, French, German, and Italian text incipits or titles, 2 textless pieces = 31','http://www.diamm.ac.uk/jsp/Descriptions?op=SOURCE&sourceKey=1808',0,'Watermarks suggest that the manuscript was copied in the early 1550vs (StaeED), probably from RISM [c.1535]/14. Copied at Frankfurt am Main(?); both the paper (according to the watermarks) and the print originated there.',1),
(90,'BolC Q19',39,'Q 19',4,69,378,'4 Masses, 1 Kyrie-Gloria pair, 1 Kyrie, 1 Gloria, 3 Magnificats, 77 motets (1 incomplete), 2 motet-chansons, 8 French secular pieces, 1 canon with macaronic text = 98','http://www.diamm.ac.uk/jsp/Descriptions?op=SOURCE&sourceKey=1390',0,'(inscription on f. 1v: "1518 adi. 10. de zugno"). Copied in northern Italy (PerkR), possibly in Cento, or Bologna (CrawF)',1),
(91,'BolC Q25',39,'Q25',3,41,282,'15 Masses, 1 Requiem Mass, I motet = 17','http://www.diamm.ac.uk/jsp/Descriptions?op=SOURCE&sourceKey=1610',0,NULL,1),
(92,'BolSP 38',40,'A.38',3,13,386,'5 Masses (2 incomplete), 1 Gloria-Credo pair (incomplete), 1 Gloria (in-complete), 4 Credos (1 incomplete), 5 psalms, 10 motets (1 incomplete) = 26* (*Pieces listed in original index, but now missing: 7 Masses, 2 Kyries, 2 Glorias, 1 Credo, 1 Sanctus.)','http://www.diamm.ac.uk/jsp/Descriptions?op=SOURCE&sourceKey=235',0,'Copied in Bologna, for use at Church of San Petronio.',1),
(93,'BolSP 31',40,'A.XXXI',3,13,388,'7 Masses (1 incomplete), 3 Credos, 2 Sanctus-Agnus pairs (1 incomplete), 1 Magnificat, 2 motets = 15','http://www.diamm.ac.uk/jsp/Descriptions?op=SOURCE&sourceKey=234',0,'Copied in Bologna, for use at Church of San Petronio.',1),
(94,'MilA 46',44,'E.46 Inf.',5,46,418,'9 Masses','http://www.diamm.ac.uk/jsp/Descriptions?op=SOURCE&sourceKey=1428',0,'Inscription on first original flyleaf: "pagato a my paulo da lucca scudi 3 et mez(z)o et lo ha pagato il Sr. pietro marya(?) pane q(ues)to di 5 decemre 1596."',1),
(95,'MilD 3',45,'2267 (3)',3,56,357,NULL,'http://www.diamm.ac.uk/jsp/Descriptions?op=SOURCE&sourceKey=2087',0,'Copied in Milan, for use by the cathedral choir; prepared under direction of Franchino Gafori, maestro di cappella from 1484 until his death in 1522.',1),
(96,'MilD 2',45,'2268 (2)',3,56,349,'','http://www.diamm.ac.uk/jsp/Descriptions?op=SOURCE&sourceKey=2088',0,'Copied in Milan, for use by the cathedral choir; prepared under direction of Franchino Gafori, maestro di cappella from 1484 until his death in 1522.',1),
(97,'ModD 4',47,'Mus. IV',4,61,384,'8 Masses, 4 Credos, 2 Agnus, 11 Magnificats, 1 Magnificat fragment, 8 hymns, 8 motets, 2 French secular pieces, 2 textless canons = 46 (many incomplete)','http://www.diamm.ac.uk/jsp/Descriptions?op=SOURCE&sourceKey=1435',0,'Probably copied in Modena, for use by the cathedral choir.',1),
(98,'ModE M.1.2',48,'alpha M.1.2',5,24,365,'10 Masses, 1 Agnus = 11','http://www.diamm.ac.uk/jsp/Descriptions?op=SOURCE&sourceKey=964',0,'Copied in Ferrara, for use at the ducal court of Alfonso I d´Este (1476-1534). Este family library transferred from Ferrara to Modena in 1598; joined to Modena university library in 1892.',1),
(99,'ModE N.1.2',48,'alpha N.1.2',3,24,285,'9 Masses, 1 Requiem Mass, 2 Credos, 12 motets, 1 set of responses','http://www.diamm.ac.uk/jsp/Descriptions?op=SOURCE&sourceKey=967',0,'Copied in Ferrara, for use at the ducal court of Ercole II d´Este (1508-59). Este family library transferred from Ferrara to Modena in 1598; joined to Modena university library in 1892.',1),
(101,'VatS 160',52,'Capp.Sist. 160',9,16,268,'7 Masses (5 incomplete), 2 Kyries, 1 Credo = 10','http://www.diamm.ac.uk/jsp/Descriptions?op=SOURCE&sourceKey=1482',0,'Copied in Brussels/Mechlin; belongs to Netherlands court complex (KellJ). Sent as gift to Pope Leo X (1475-1521).',1),
(102,'VatSP B80',52,'San Pietro B80',3,81,220,'16 Masses (2 incomplete), 14 Magnificats (1 incomplete), 1 Te Deum, 27 hymns, 28 motets = 86 + 1 duplicate = 87','http://www.diamm.ac.uk/jsp/Descriptions?op=SOURCE&sourceKey=806',0,'Copied in Rome, for use at St. Peter´s Basilica. Main corpus probably copied from two earlier (ca. 1458-63) manuscripts which were subsequently discarded (ReynoldsSP).',1),
(103,'VatP 1982',52,'Pal. lat. 1982',4,81,373,'18 Masses, 1 motet, 1 French secular piece = 20','http://www.diamm.ac.uk/jsp/Descriptions?op=SOURCE&sourceKey=1492',0,'&nbsp;Copied in Rome. Compiled for Giulio de´ Medici (1478-1534; Pope Clement VII after 1523) or for other member of Medici family. Acquired, perhaps ca. 1553-63, by Ulrich Fugger (1526-84), of Augsburg (possibly through Ulrich´s book collector, Henricus Scrimger); later incorporated in Palatine electoral library in Heidelberg.',1),
(104,'VatP 1980-1',52,'Pal. lat. 1980-81',4,81,380,'8 Masses, 9 motets, 4 French secular pieces = 21','http://www.diamm.ac.uk/jsp/Descriptions?op=SOURCE&sourceKey=1491',0,'Copied in Rome. Probably compiled for Giulio de´ Medici (1478-1534; Pope Clement VII after 1523). Acquired, perhaps ca. 1553-63, by Ulrich Fugger (1526-84), of Augsburg (possibly through Ulrich´s book collector, Henricus Scrimger); later incorporated in Palatine electoral library in Heidelberg.',1),
(105,'VatS 45',52,'Capp.Sist. 45',3,81,371,'10 Masses, 2 Credos, 4 motets = 16','http://www.diamm.ac.uk/jsp/Descriptions?op=SOURCE&sourceKey=1476',0,'Copied in Rome, for use by Cappella Sistina.',1),
(106,'VatG XIII.27',52,'C.G. XIII 27',4,26,232,'1 Mass Ordinary section, 2 motets, 2 motet-chansons, 83 French secular pieces, 10 Italian secular pieces, 9 Spanish secular pieces, 2 Dutch secular pieces = 109','http://www.diamm.ac.uk/jsp/Descriptions?op=SOURCE&sourceKey=944',0,'Copied in Florence. Compiled for Giuliano de´ Medici, Duke of Nemours (1479-1516), youngest son of Lorenzo de´ Medici (AtlCG). Giuliano probably took or sent manuscript to Rome ca. 1513; after Giuliano´s death, manuscript may have passed to his brother, Pope Leo X. Later in library of Giuseppe Ottavio Pitoni (1657-1743), director of Cappella Giulia from 1719; placed in Archivio della Cappella Giulia following Pitoni´s death. Transferred to present library in 1942.',1),
(107,'VatSM 26',52,'S. Maria Maggiore 26 (JJ.III.4)',3,81,376,'16 Masses, 2 Credos, 1 Te Deum, 3 hymns, 1 motet = 23','http://www.diamm.ac.uk/jsp/Descriptions?op=SOURCE&sourceKey=1495',0,'Copied in Rome, possibly for use at Church of Santa Maria Maggiore.',1),
(108,'VatC 234',52,'Chigi C.VIII.234',3,16,355,'19 Masses, 1 Requiem Mass, 1 Credo, 19 motets (1 without text) = 40','http://www.diamm.ac.uk/jsp/Descriptions?op=SOURCE&sourceKey=943',0,'Main corpus copied in Brussels/Mechlin; belongs to Netherlands court complex (KellC). Originally prepared for the courtier Philippe Bouton (1418-1515)(KellCF). Manuscript subsequently taken to Spain, probably by the latter´s son, Claude, or by a Spanish nobleman; later additions copied in Spain. Apparently owned in Spain by Folch de Cardona and Fernandez de Cordova families (coats of arms). Later owned by Fabio Chigi (1599-1667), elected Pope Alexander VII in 1655.',1),
(109,'SubA 248',54,'248',5,16,NULL,'7 Masses (5 incomplete)','http://www.diamm.ac.uk/jsp/Descriptions?op=SOURCE&sourceKey=1027',0,'Copied in Brussels/Mechlin; belongs to Netherlands court complex (KellJ). (collateral with JenaU 21, VienNB 4809, VienNB 4810, VienNB 11778)',1),
(110,'TrentC 91',56,'1378 (91)',4,104,338,'13 Masses, 8 Kyries, 4 Glorias, 1 Gloria trope, 3 Credos, 4 Sanctus, 42 Mass Proper sections, 5 Magnificats, 1 Te Deum, 21 office hymns, 1 processional hymn, 43 motets, 1 set of responses, 6 Benedicamus dominos, 1 Latin/German sacred piece, 2 French secular pieces (1 without text), 1 Italian secular piece, 1 textless piece = 158','http://www.diamm.ac.uk/jsp/Descriptions?op=SOURCE&sourceKey=811',0,'Copied in Trent. Transferred to Vienna in 1891, but returned to Trent following World War I.',1),
(111,'TrentC 88',56,'1375 (88)',4,104,337,'20 Masses, 2 Kyrie-Agnus pairs, 1 Gloria-Credo pair, 7 Kyries, 4 Glorias, 3 Sanctus, 2 Agnus, 98 Mass Proper sections (=16 cycles ordered by liturgical calendar + 10 sections not included in any cycle), 16 Magnificats, 1 Te Deum, 22 office hymns, 1 processional hymn, 32 motets, 1 Latin/ German sacred piece, 1 German sacred piece, 3 French secular pieces (1 with additional Latin motet text), 1 English? secular piece ("Agwillare habeth standiff") = 215 + 4 duplicates (including some pieces with same music but different texts) = 219','http://www.diamm.ac.uk/jsp/Descriptions?op=SOURCE&sourceKey=808',0,'Copied in Trent. Transferred to Vienna in 1891, but returned to Trent following World War I.',1),
(112,'VerBC 757',58,'MS DCCLVII',4,107,359,'3 Mass Ordinary sections (without text), 5 motets (without text), 31 French secular pieces (28 without text*), 4 Italian secular pieces (all without text**), 1 Spanish secular piece (without text), 21 textless pieces (1 incomplete; many of these are probably unidentified French secular pieces or Latin motets) = 65','http://www.diamm.ac.uk/jsp/Descriptions?op=SOURCE&sourceKey=971',0,'Copied in Verona (KanTV).',1),
(113,'VerBC 756',58,'MS DCCLVI',5,16,366,'10 Masses, 1 Sanctus-Agnus pair = 11','http://www.diamm.ac.uk/jsp/Descriptions?op=SOURCE&sourceKey=970',0,'Copied in Brussels/Mechlin; belongs to Netherlands court complex. Purchased in Rome by Franciscus Blandinus in 1715 (inscription on f. 1) (collateral with FlorC 2439)',1),
(114,'VerBC 755',58,'MS DCCLV',3,64,341,'11 Masses, 1 Kyrie-Gloria pair (incomplete), 1 Kyrie (incomplete), 1 Mass Proper section, 3 motets = 17','http://www.diamm.ac.uk/jsp/Descriptions?op=SOURCE&sourceKey=969',0,'Part I copied in Naples (RothS); Part II copied in Verona.',1),
(115,'VerBC 761',58,'MS DCCLXI',3,107,410,'17 Masses, 4 Credos, 1 Te Deum = 22','http://www.diamm.ac.uk/jsp/Descriptions?op=SOURCE&sourceKey=975',0,'Probably copied in Verona (KanTV), but close repertorial associations with several Roman sources (PrestV, ReynoldsM).',1),
(116,'LeidGA 1443',60,'1443',3,4,417,'21 Masses (several incomplete), 3 Kyries (1 fragmentary), 1 psalm, 3 hymns, 7 motets, 1 set of responses = 36','http://www.diamm.ac.uk/jsp/Descriptions?op=SOURCE&sourceKey=1863',0,'Main corpus probably copied in Amsterdam; used by St. Peter´s Church in Leiden, where additions were made. &nbsp;https://www.erfgoedleiden.nl/collecties/archieven/archievenoverzicht/ead/index/eadid/0502',1),
(117,'UppsU 76c',64,'76c',4,30,389,'7 Masses, 2 Kyries, 1 Agnus, 2 Mass Ordinary sections, 1 Te Deum, 22 motets, 34 French secular pieces, 8 textless pieces = 77*\n*Above summary excludes later additions in lute tablature on ff. 10v, 36v, 58v-60, 100v-113, 114v-115, 129v-132v, 135-136, 139v-142v, 144, 148v-149v, 150v-151, and 152v-157v.','http://www.diamm.ac.uk/jsp/Descriptions?op=SOURCE&sourceKey=2613',0,'Ca. 1530? (BernNO), with lute tablature additions in second half of 16th century. Copied in France (BernNO).',1),
(118,'UppsU 76b',64,'76b',4,31,374,'9 Masses, 1 Sanctus-Agnus pair, 8 motets, 13 French secular pieces, 2 textless pieces = 33*  *Above summary excludes later additions in lute tablature on ff. 3, 13v-14v, 50, 60v-61, 62, 86v-87, 108v-112, 128v-129, 142v-162v.','http://www.diamm.ac.uk/jsp/Descriptions?op=SOURCE&sourceKey=2612',0,'Ca. 1515? (BernNO), with lute tablature additions in second half of 16th century. Of French origin (BernNO); possibly copied in Troyes or vicinity. Early (original?) owner was Thomas Gillesson, a priest of Troyes diocese (inscription on f. 2).',1),
(119,'UppsU 76e',64,'76e',5,32,214,'13 Messen','http://www.diamm.ac.uk/jsp/Descriptions?op=SOURCE&sourceKey=2614',0,'First half of 16th century. Of east German origin (StaeO); perhaps copied in Frauenburg. Taken from Frauenburg to Uppsala during Thirty Years War in 17th century.',1),
(120,'PozU 7022',62,'7022',3,53,415,'5 Masses, 4 motets, 2 textless pieces = 11 (all fragmentary)','http://www.diamm.ac.uk/jsp/Descriptions?op=SOURCE&sourceKey=1070',0,'Perhaps copied in Lwów. Owned in 20th century by the musicologist Adolf Chybiński (1880-1952); deposited in present library following Chybiński´s death.',1),
(121,'WarU 2016',63,'2016 (olim Mus. 58)',4,85,358,'6 Masses (1 incomplete), 1 troped Kyrie, 1 Agnus (without text), 2 Mass Proper sections (1 fragmentary), 6 Magnificats, 16 office hymns (3 without text; some have additional Latin or Czech text in some voices), 3 processional hymns (1 with additional German and Latin text in some voices), 3 Lamentations, 45 motets (1 fragmentary), 1 motet-chanson (without text), 2 Latin secular pieces, 1 German secular piece, 1 French secular piece (without text), 1 Italian secular piece (without text), 6 textless pieces (2 fragmentary) = 95 + 3 complete or partial duplicates = 98','http://www.diamm.ac.uk/jsp/Descriptions?op=SOURCE&sourceKey=2054',0,'Copied in Silesia or Bohemia (FeldC). Acquired by Musikalisches Institut bei der Universität Breslau (now Wroclaw), probably from Silesian monastery secularized in early 19th century (FeldZ). Later transferred to present location.',1),
(122,'UlmS 237',26,'237',4,59,390,'1 Agnus, 3 Mass Ordinary sections, 2 hymns, 52 motets, 25 French secular pieces (2 without text), 17 Dutch secular pieces, 3 German secular pieces, 3 Italian secular pieces, 1 Latin secular piece, 2 textless pieces = 109','http://www.diamm.ac.uk/jsp/Descriptions?op=SOURCE&sourceKey=2603',0,'Of central German origin. Early (original?) owner may have been Hainrichus Lobereich, named on first folio of D book. Partbooks given to Marco Albano Lucio (or Rucio) by Albertus Calerus Troianus of Schweinfurt in 1551 (inscriptions at beginning of each partbook; see also StaeMI I, 73). Owned in late 16th and first half of 17th century by Egenolf and Anton von Schermar of Ulm; von Schermar collection later deposited in Münster Bibliothek, Ulm.',1),
(123,'LucAS 238',43,'MS 238',3,42,340,'17 Masses, 2 Magnificats, 9 motets = 28 (fragmentary and in-complete)\nDomarto-1, (Dufay)-1 + 1?, Frye-1, (Heyns)-1, (Isaac)-1, (Martini)-1, (Plummer)-1, J.? Stone-1, Tik-1, anon-18','http://www.diamm.ac.uk/jsp/Descriptions?op=SOURCE&sourceKey=196',0,'For complete description and detailed inventory, see Strohm, Reinhard: The Lucca Choirbook … edited and with an introduction and inventory, Late Medieval and Early Renaissance Music in Facsimile Vol. II (Chicago: University of Chicago Press, 2008',1),
(124,'ModE M.1.13',48,'alpha M.1.13',5,24,226,'17 Masses, 1 Mass fragment = 18, Caron-1, Domarto-1, Dufay-1 + 1?, Faugues-2, Martini-8, Martini/(Josquin)-1, Vincenet-1, Weerbecke-1, anon-1','http://www.diamm.ac.uk/jsp/Descriptions?op=SOURCE&sourceKey=966',0,'Copied in Ferrara, for use at the ducal court of Ercole I d´Este (reigned 1471-1505). Este family library transferred from Ferrara to Modena in 1598; joined to Modena university library in 1892.',1),
(125,'EdinNL 5.1.15',36,'MS ADV. 5.1.15',3,86,362,'9 Masses, 1 Agnus, 6 Magnificats, 11 motets, 1 textless fragment = 28','http://www.diamm.ac.uk/jsp/Descriptions?op=SOURCE&sourceKey=1757',0,'Probably copied at the Chapel Royal of Scotland at Stirling, where Robert Carver may have been employed by King James IV (ElliottCC, who discusses earlier conclusions that Carver copied the manuscript at Scone Augustinian Abbey in Perthshire).',1),
(126,'ModAS s.s.',46,'MS 221. Frammenti musicali',5,24,225,'1 Credo-Sanctus pair, 1 Agnus = 2 (fragmentary)\n(A. Agricola)-1, (Busnois)-1','http://www.diamm.ac.uk/jsp/Descriptions?op=SOURCE&sourceKey=249',0,'Copied in Ferrara, for use at the ducal court of Ercole I d´Este (reigned 1471-1505). Transferred to Modena at end of 16th century; now part of collection of documents relating to Este family. 3 parchment folios, originally ca. 550 x 338 (bottom corners mutilated), apparently the only surviving remnants of a large choirbook of Masses, probably prepared as companion manuscript to ModE M.1.13. No foliation; original numbering of Masses. (Fragments in ModAS s.s. are from Masses XII and XIIII). No covers; fragments preserved in envelope labelled "Frammenti di codici musicali," along with other musical fragments not within scope of this catalogue. Mass fragments copied by a single scribe, identified in Ferrara court payment records as "il fra de san Domenego" (LockF). Initials and border decoration similar to ModE M. 1.13.',1),
(127,'FlorBN BR 229',42,'MS Banco Rari 229 [olim: Magl. XIX. 59]',4,26,231,'&nbsp;motets, 163 French secular pieces, 1 French/Latin secular piece (with Latin incipit only in this manuscript), 15 Italian secular pieces, 1 Flemish secular piece (many of the preceding have text incipits or titles only), 86 textless pieces = 268 (Of the textless pieces, the following have been identified from concordant sources: 5 Mass Ordinary sections, 3 motets, 20 French secular pieces, 4 Flemish secular pieces, 3 Italian secular pieces, 1 German secular piece = 36)','http://www.diamm.ac.uk/jsp/Descriptions?op=SOURCE&sourceKey=1410',0,'Copied in Florence; once owned by the Braccesi family of Florence (coat of arms on f. iv´).',1),
(129,'TrentC 89',56,'1376 (89)',4,104,338,'1 plenary Mass, 19 Masses, 2 Kyrie-Gloria pairs, 1 Gloria-Credo pair, 9 Kyries, 2 Glorias, 1 Credo, 6 Sanctus, 1 Agnus fragment, 22 Mass Proper sections, 13 Magnificats, 1 Magnificat section, 26 office hymns, 2 processional hymns, 61 motets, 1 Latin/German sacred piece, 9 French secular pieces (8 without text), 3 German secular pieces, 2 Italian secular pieces (1 without text), 1 Latin secular piece, 9 textless pieces, 1 textless fragment = 193','http://www.diamm.ac.uk/jsp/Descriptions?op=SOURCE&sourceKey=809',0,'Copied in Trent. Transferred to Vienna in 1891, but returned to Trent following World War I.',1),
(130,'AntP M18.13/1',3,'MS M 18.13 (fragment 1)',5,16,NULL,'5 Messen','http://www.diamm.ac.uk/jsp/Descriptions?op=SOURCE&sourceKey=2074',0,'gehört zum Niederländischen Hof-Komplex',1),
(131,'WashLC M6',66,'M2.1.M6 Case ("Wolffheim Fragment")',11,45,359,'secular pieces, 1 textless piece = 15  &nbsp;','http://www.diamm.ac.uk/jsp/Descriptions?op=SOURCE&sourceKey=2678',0,'Ca. 1500, with post-1537 additions (StaeFMH). Copied in northern Italy (RifNR); copied in Florence (StaeFMH). See LonBLE 3051 for history of ownership of original manuscript until acquisition by the French composer and scholar Adrien Lenoir de La Fage (1805-62). By time of La Fage´s ownership, some gatherings already lost; remaining folios separated into two sections, sold to different buyers after La Fage´s death. First portion (ff. 1-61) became LonBLE 3051 (see entry in Vol. II). Portion comprising present WashLC M6 acquired by Aristide Farrenc; passed to Jean-Baptiste Weckerlin (1821-1910) in 1866, then to Werner Wolffheim (1877-1930) in 1910. Purchased by Library of Congress at Berlin auction of Wolffheim library in 1929.',1),
(132,'SegC s.s.',32,'s.s.',4,94,335,'Contents: 9 Masses, 2 Kyrie settings, 1 Christe, 1 Contrafactum of a Christe, 1 Gloria, 1 Credo, 4 Magnificat settings, 1 Magnificat verse, 1 Te deum, 8 Hymns, 2 Lamentations, 43 Motets, 2 Spanishe sacred pieces, 84 franco-flemish secular pieces, 6 Italianische secular pieces, 35 Spanishe pieces, 4 textless pieces\n','http://www.diamm.ac.uk/jsp/Descriptions?op=SOURCE&sourceKey=2020',0,'Additional names: Cancionero musical de Segovia; Cancionero del Alcázar\nC. 1498-1515. Provenience: Segovia or Toledo? Choirbook, 207 of originally at least 228 folios preserved, paper 291 × 215 mm. Original foliation in ink v-ccxxviii, original gathering signatures (´Lagenzählung´). Missing folios: i-iii, vi-viii, ciiii-cxi, cxcix, ccvi, ccxviii-ccxxi, ccxxiii. Original parchment cover. Title on the cover: Canto de organo. One main scribe and one other scribe for the music, at least 3 scribes wrote the texts. The main scribe copied the franco-flemish secular pieces and also the Spanish pieces. The text of the Spanish pieces, however, was entered by a different scribe. Partly decorated with ornamented initials, partly the space intended for the initials was left blank. Unidentified watermark: glove with six-petalled flower. The manuscript is ordered systematically by forms and decreasing number of parts: sacred pieces beginning with masses, franco-flemish secular pieces, duos and Spanish secular pieces. The manuscript may have originated close to the Chapel of the Catholic kings. Entry on fol. 227v: Don Rodrigo. This could be linked to Don Rodrigo de Tordesillas, the executor of Queen Isabel; however, there is no final proof for this assumption. Was transferred to the Cathedral archive of Segovia in around1525 by the Alcázar.',1),
(133,'FlorBN Magl. 107bis',42,'MS Magl. XIX.107bis ',4,26,431,'8 Mass Ordinary sections, 4 motets, 18 French secular pieces, 5 Spanish secular pieces, 2 Italian secular pieces, 1 Flemish secular piece, 4 textless pieces = 42\n(The textless pieces have been identified as 1 motet, 2 French secular pieces, and 1 Italian secular piece; an additional 2 Mass sections and 2 Italian secular pieces listed in the original index are now missing)\n(A. Agricola/Hayne van Ghizeghem)-1, (Brumel)-2, (Busnois/ Japart)-1, (Compère)-4, (Compère/Vaqueras)-1, (Encina)-3, (Escobar)-1, (Hayne van Ghizeghem/M. Agricola)-1, Isaac-5, (Isaac/Japart/Obrecht)-1, Japart-2, Josquin-4, (Leo X)-1, (Ninot 1e Petit)-1, anon-14','http://www.diamm.ac.uk/jsp/Descriptions?op=SOURCE&sourceKey=1401',0,'Main part of manuscript copied before 1513 (index refers to Leo only as a cardinal). Copied in Florence (AtlCM).',1),
(134,'RegB 940-1',24,'A. R. 940-941',4,10,317,'1 Mass, 1 Mass Ordinary section, 1 Mass Proper section, 1 Te Deum, 1 hymn, 117 motets, 3 Latin/German sacred pieces, 11 German sacred pieces, 61 French secular pieces (some with text incipits only, some without text, some with title "Gallicum"), 54 German secular pieces, 42 Italian secular pieces, 13 Latin secular pieces, 6 Latin/German secular pieces = 312+2 duplicates = 314','http://www.diamm.ac.uk/jsp/Descriptions?op=SOURCE&sourceKey=3650',0,'4 Stimmbücher\n5 paper partbooks (D-226 folios, A-224, T-236, B-214, Q-iii + 128), 153 x 202. No foliation or pagination in DATB; Q, has original(?) foliation, 1-90 (number "8" omitted) + new pencil foliation, 91-99 (last 30 folios not numbered). Original ink numbering of pieces, 1-311 (last three pieces not numbered). Original covers of yellow leather tooled with floral designs, voice designations, coat of arms of Saxony, date "1557," initials "W.K.R." [= Wolfgang Küffer Ratisbonensi], and portraits of Huss, Luther, Melanchthon, and Erasmus. Original index at end of T book groups pieces alphabetically by first letter of text or title; under each letter, pieces grouped in following order: (1) Latin works; (2) German works; (3) French or Italian works ("Gallica"). Within each subgroup, pieces listed in order of appearance.\nCopied by Wolfgang Küffer (see below), with slightly later additions by five other scribes. Small plain initials in red ink; headings, some clefs, and some staves also in red ink. Ff. 43-99 of Q book contain Latin, Greek, and German prose and poetry dealing mostly with musical topics, four full-page colored illustrations with musical subjects, two unidentified coats of arms (presumably related to Wolfgang Küffer´s circle), and several dedicatory inscriptions to Küffer from friends and associates.\nWatermarks: (1) generally resembles Briquet #12366; (2) resembles Briquet #12380; (3) dog (not in Briquet); (4) resembles Briquet #5940, #5942, #5944; (5) resembles Briquet #4970-1; (6) resembles Briquet #15416, #15427; (7) resembles Briquet #15442; (8) resembles Briquet #1394-5.\n1557-9, with a few additions after 1566 (BrenneH). Copied in Wittenberg and Regensburg. The compiler and original owner was Wolfgang Küffer (alias "Saliterer"; biographical details in BrenneH).',1),
(135,'BasU kk.II.32 (AP)',5,'kk.II.32 ',11,88,NULL,'Benedictus from the Missa Quant j´ay au cuer by Heinrich Isaac, added to f. 43 of the printed volume: Canzoni, Roma: A. Antico 1510 ( = RISM 1510)\n','http://www.diamm.ac.uk/jsp/Descriptions?op=SOURCE&sourceKey=3856',0,NULL,1),
(136,'BolC Q18',39,'Q.18 ',4,43,363,'1 Agnus, 26 motets, I Latin/Italian secular piece, 28 Italian secular pieces, 23 French secular pieces, 3 Flemish secular pieces, 2 Spanish secular pieces, 2 pieces with solmization incipits (including Isaac´s "La mi 1a sol"), 4 textless pieces (identified from concordant sources as 1 Mass Ordinary section, 2 Italian secular pieces, and 1 French secular piece) = 90','http://www.diamm.ac.uk/jsp/Descriptions?op=SOURCE&sourceKey=1389',0,'Early 16th century. Copied in Bologna.\n',1),
(137,'FlorBN Panc. 27',42,'MS Panciatichiano 27 ',4,44,412,'4 Mass sections, 5 Magnificats, 10 hymns, 2 Lamentations, 76 motets, 73 Italian secular pieces, 10 French secular pieces, 1 Flemish secular piece, 6 textless pieces = 187','http://www.diamm.ac.uk/jsp/Descriptions?op=SOURCE&sourceKey=1400',0,'Early 16th century (BecherC). Copied in northern Italy, probably at the Mantuan court (AtlCM); copied in Florence or somewhere in Tuscany (JepFR).',1),
(138,'SGallS 462',6,'MS 462 ("Heer Liederbuch")',4,75,266,'2 Mass Ordinary sections (both without text), 12 motets (2 without text), 2 motet-chansons, 1 German sacred piece, 49 German secular pieces, 13 French secular pieces, 5 Italian secular pieces, 3 textless pieces = 87','http://www.diamm.ac.uk/jsp/Descriptions?op=SOURCE&sourceKey=959',0,'1510 (earliest layer), with additions to ca. 1530. Copied mostly in Paris, with later additions in Glarus. Compiled by Johannes Heer (ca. 1489-1553) of Glarus (inscription inside front cover and on f. 87v: "Johannes Heer est possessor huius libri"; "Je suys au maistre Jehan her de glaris Lesquel moy / tient en grand honneur"); Heer was a friend of the chronicler Aegidius Tschudi (1505-72), also of Glarus. Manuscript passed to Tschudi following Heer´s death; subsequent history same as for SGallS 463 and SGallS 464.\n',1),
(139,'BasU F.IX.22 (AP)',5,'MS F.IX.22 ',10,89,336,'','http://www.diamm.ac.uk/jsp/Descriptions?op=SOURCE&sourceKey=3822',0,'Organ tablature; 113 leaves, 16 x 22.5 cm.',1),
(140,'MunU 718 (AP)',21,'4° Cod. ms. 718',6,39,281,'&nbsp;','http://www.manuscripta-mediaevalia.de/hs/katalogseiten/HSK0052_b055_jpg.htm',0,'http://www.manuscripta-mediaevalia.de/hs/katalogseiten/HSK0052_b055_jpg.htm',1),
(141,'VienNB Mus. 18688 (AP)',2,'Mus.Hs.18688',10,74,333,'Ordinariumssätze, dt. Lieder, frz. Chansons, Praeambeln, Ricercare, Tänze','http://data.onb.ac.at/rec/AL00543315',0,'Lautentabulatur Craus, Stephan, ca. 16. Jh. [Besitzer] (lt. OPAC Wien &amp; Stähelin, Messen I, S. XLIII',1),
(142,'BerlS 40632 (AP)',11,'MS 40632',10,2,428,'freie Instrumentalsätze, frz. Chasons, MAdrigale, dt. &amp; niederl. Lieder, lat. Motetten',NULL,0,'dt. Lautentabulatur für 6-chörige LAute',1),
(143,'TurBN 59 (AP)',55,'MSqm III, 59',4,71,424,'Ordinariumssätze, Motetten, Antiphonen, frz. Chansons, nl. Lieder, it. Madrigale',NULL,0,'Nach Stähelin, "Die Messen Heinrich Isaacs" I, S. XLI',1),
(144,'SienBC K.I.2',53,'K.I.2',3,92,224,'6 Masses (3 incomplete), 1 Sanctus-Agnus pair (incomplete), 2 Glorias (1 incomplete), 2 Credos (incomplete), 1 Mass Ordinary fragment, 10 Magnificats (4 incomplete), 21 psalms, 24 hymns, 23 motets (5 incomplete), 4 textless pieces (3 incomplete) = 94','http://www.diamm.ac.uk/jsp/Descriptions?op=SOURCE&sourceKey=1502',0,'Date/provenance: 1481 (earliest layer), with additions extending into first quarter of 16th century (D´AccS). Copied in Siena, for use by cathedral choir (D´AccS).',1),
(145,'CasAC M(D)',41,'M(D)',3,19,273,'11 Messen, 1 Credo, 4 Motetten','http://www.diamm.ac.uk/jsp/Descriptions?op=SOURCE&sourceKey=241',0,'evtl. komissioniert von Guglielmo Marchio Paleogo, Marquis von Monferrato (r. 1494-1518)',1),
(146,'LinzBS 529',1,'529',4,73,342,'2 Masses, 1 Gloria, 1 Sanctus, 1 Requiem Mass section, 2 Mass Proper sections, 2 Magnificats, 3 hymns, 3 motets, 6 French secular pieces, 5 German secular pieces, 13 textless pieces = 39*','http://www.diamm.ac.uk/jsp/Descriptions?op=SOURCE&sourceKey=2957',0,'Probably copied in northern Austria.',1),
(147,'ZwiR 13/3',29,'Ms.XIII,3',6,112,423,NULL,'http://www.diamm.ac.uk/jsp/Descriptions?op=SOURCE&sourceKey=2748',0,NULL,1),
(148,'AmstT 27 (NJE 3.3.)',59,'Ms. 208, A.27',10,2,429,'freie Instrumentalsätze, Tänze, dt. &amp; niederl. Lieder, frz. Chansons, ital. MAdrigale, lat. Motetten',NULL,0,'dt. Lautentabulatur',1),
(149,'WarSM 564 (NJE 3.3.)',NULL,'Ms. 564',10,78,426,'Orgeltabulatur',NULL,1,'1944 zerstört, Vorkriegsfotographien in Warschau &amp; Harvard, Infos lt. Stähelin',1),
(150,'ZürZ 301 (NJE 3.3.)',7,'Ms. 301',10,90,432,'47 Stücke für Tasteninstr.',NULL,0,'Orgeltabulatur d. Glemens Hör',1),
(151,'BarcBC 454',30,'MS 454',4,93,413,'5 mass settings, 1 fragmentary Gloria, 2 kyrie settings, 11 magnificat settings, 1 passion setting, 7 hymns, 2 antiphons, 2 psalm settings, 2 responsories, 4 versicles, 2 alleluia settings, 30 motets, 3 canones, 2 chorale melodies, 28 villancicos, 1 chanson, 10 falsobordone settings, 7 untexted pieces.','http://www.diamm.ac.uk/jsp/Descriptions?op=SOURCE&sourceKey=1530',0,'Dates in the manuscript: 1525, 1530, 1532 and 1535. Was bought in 1892 for the Bibliotecade Catalunya; previous owner was Carreras y Dagas from Gerona.',1),
(152,'BasU F.VI.26h',5,'F.VI.26h',4,8,360,'1 Kyrie, 1 Credo, 5 Mass Proper sections, I Magnificat, 4 hymns, 4 motets, 1 German secular piece, 3 textless pieces = 20*','http://www.diamm.ac.uk/jsp/Descriptions?op=SOURCE&sourceKey=2819',0,'Probably copied in Basel or vicinity. Possibly acquired by present library in 1823, from collection of Remigius Faesch, a Basel lawyer.\n',1),
(153,'BrnoAM 15/4',8,'fond V 2 Svatojakubská knihovna, sign. 15/4',5,21,310,'Recently rediscovered choirbook containing masses by Josquin; the first 10 folios (including title pages) are lacking.','http://www.diamm.ac.uk/jsp/Descriptions?op=SOURCE&sourceKey=4017',0,'',1),
(154,'VatG XII.2',52,'MS Cappella Giulia XII 2',3,81,379,'14 Masses, 2 motets = 16','http://www.diamm.ac.uk/jsp/Descriptions?op=SOURCE&sourceKey=1496',0,'Copied in Rome, for use by Cappella Giulia.',1),
(155,'VatS 154',52,'MS Capp.Sist. 154',5,81,398,'4 Masses: Billon-1, Josquin-1, (La Rue)-1, Morales-1','http://www.diamm.ac.uk/jsp/Descriptions?op=SOURCE&sourceKey=2642',0,'Copied in Rome, for use by Cappella Sistina.',1),
(156,'MunBS 260',20,'Mus. MS 260',1,67,292,'100 bicinia*(Drawn from 47 Mass Ordinary sections, 3 Magnificats, 10 motets, 36 French secular pieces, 3 Dutch secular pieces, 1 textless piece.) (1 with discantus part only), 4 German sacred pieces (later additions) = 104 + 1 duplicate = 105','http://www.diamm.ac.uk/jsp/Descriptions?op=SOURCE&sourceKey=2210',0,'Probably copied in Low Countries (Rifkin, based on script); German pieces perhaps added in Augsburg (RRMR). Possibly belonged to Johann Heinrich Herwart (1520-83) of Augsburg. Herwart collection purchased by Wilhelm V, Duke of Bavaria, in 1585; placed in court library at Munich, whose holdings formed foundation of present Bayerische Staatsbibliothek.',1),
(157,'PragNL 59R5117  (NJE 3.1.)',10,'59 R 5117',5,97,215,'http://www.manuscriptorium.com/apps/main/en/index.php?request=show_record_num&amp;param=0&amp;mode=&amp;client=','http://www.manuscriptorium.com/apps/main/en/index.php?request=show_record_num&param=0&mode=&client=',0,'Při vazbě bylo zaměněno pořadí složek VII a VIII. Vazba provedena asi v polovině 16. století: slepotisk na hnědé kůži, ornamentální výplň zarámována dvěma pásy miniaturních medailonků s portréty osobností spjatých s renesancí a humanismem (Erasmus Rotterdamský, Jan Hus, Philipp Melanchton aj.). Na konci rukopisu vyříznuto v nové době asi 26 listů.',1),
(158,'RoccaP s.s.',50,'s.s.',7,80,277,'Liturgical book, with polyphony: 1 Magnificat, 1 Magnificat tone formula, 2 psalm tone(?) formulas, 4 motets, 1 Italian secular piece, 1 textless canon = 10','http://www.diamm.ac.uk/jsp/Descriptions?op=SOURCE&sourceKey=771',0,'1519 (date on f. 54 applies to main corpus); polyphony added ca. 1570-90, or perhaps earlier (ZiinoDP). Copied in Rocca di Mezzo.',1),
(159,'SGallS 463',6,'463',4,35,396,'1 Gloria, 1 Agnus (without text), 3 hymns, 72 motets, 2 motet-chansons, 49 German secular pieces, 29 French secular pieces, 19 Italian secular pieces, 1 Latin/Italian secular piece (with Latin psalm text in this source), 4 Latin secular pieces, 1 Spanish secular piece, 1 dance, 4 textless pieces = 187','http://www.diamm.ac.uk/jsp/Descriptions?op=SOURCE&sourceKey=960',0,'Copied in Glarus or vicinity. Compiled by the soldier, statesman, and chronicler Aegidius Tschudi (1505-72), who studied with the theorist Heinrich Glareanus at Basel; manuscript reflects Glareanus´ concepts of modal theory. Belonged to Tschudi family members until 1767, then sold by Baron Leodegar Tschudi to Benedictine monastery at Saint Gall.',1),
(160,'TrevBC 9',57,'9',5,103,323,'9 Masses, 1 Credo, 1 Sanctus-Agnus pair, 4 Mass Proper sections, 1 doxology =16','http://www.diamm.ac.uk/jsp/Descriptions?op=SOURCE&sourceKey=2578',0,'Copied in Treviso, for use by cathedral choir.',1),
(161,'MunBS 272 (NJE 3.3)',20,'Mus.ms. 272',10,2,427,'dt. Lautentabulatur: Instrumentalsätze, Tänze, MAdrigale, Chansons, Motetten','http://daten.digitale-sammlungen.de/~db/0003/bsb00031731/images/',0,'urn:nbn:de:bvb:12-bsb00031731-1',1),
(162,'BerlPS Mus. Ms. Theor. 1175',11,'Mus. Ms. Theor. 1175',6,20,400,'','http://www.diamm.ac.uk/jsp/Descriptions?op=SOURCE&sourceKey=1560',0,'Of German origin. Owned in early 19th century by C. G. Murr of Nuremberg. Later owned by Johann Nikolaus Forkel (1749-1818) and Georg Poelchau (1773-1836); passed to present library in 1841.',1),
(163,'ChiN 107501 (AP)',65,'107501',10,106,377,'',NULL,0,'Capirole lute book',1),
(164,'RegB 878-82',23,'MS A.R. 878-882',3,79,326,'1 Mass, 1 Mass Proper section, 4 psalms (3 with corresponding monophonic antiphons), 3 hymns, 22 motets, 3 German sacred pieces = 34\n','http://www.diamm.ac.uk/jsp/Descriptions?op=SOURCE&sourceKey=3619',0,'Copied in Regensburg, probably for use by choir of Gymnasium Poeticum in local evangelical services.',1),
(165,'ToleBC 21',NULL,'Ms. 21',3,100,308,'1 Mass, 1 Requiem, 1 Agnus, 2 Kyrie-settings, 4 Responsories, 9 Psalms, 2 Hymns, 21 Motets, 1 Lamentation, 2 Antiphons, 1 sacred piece in Spanish','http://www.diamm.ac.uk/jsp/Descriptions?op=SOURCE&sourceKey=2559',0,'Provenience: Toledo, Cathedral.',1),
(166,'I-Rpol 1517/3',49,'I-Rpol 1517/3',11,NULL,NULL,'',NULL,0,'Handschriftl. Zusatz zu RISM 1517/3 (lt. Boorman)',1),
(167,'MunBS 53',20,'Mus. Ms. 53',5,108,367,'18 Credos','http://www.diamm.ac.uk/jsp/Descriptions?op=SOURCE&sourceKey=2205',0,'Presumably copied in Vienna, for use by the imperial court chapel of Maximilian I (1459-1519). Probably taken to Munich by Ludwig Senfl ca. 1523, when he began serving at the court chapel of Wilhelm IV, Duke of Bavaria (1493-1550). Kept in Munich Hofkapelle library until end of 18th century, then transferred to ducal court library, whose holdings formed foundation of present Bayerische Staatsbibliothek.',1),
(168,'CasAC L(B)',41,'L(B)',3,19,275,'5 Masses, 3 Credos, 5 motets = 13','http://www.diamm.ac.uk/jsp/Descriptions?op=SOURCE&sourceKey=3229',0,'Copied at Casale Monferrato; may have been commissioned by Guglielmo Marchio Paleologo, Marquis of Monferrato (r. 1494-1518).',1),
(169,'BerlGS 7',11,'MS XX. HA StUB Königsberg Nr. 7',3,47,392,'13 Masses, 1 Kyrie-Gloria pair, 2 Credos, 1 Te Deum, 77 motets, 4 sets of responses, 1 German sacred piece = 99','http://www.diamm.ac.uk/jsp/Descriptions?op=SOURCE&sourceKey=2809',0,'Kopiert von Matthias Krüger, möglicherweise in Königsberg, aber eine andere ostpreußische Herkunft ist ebenfalls möglich. (NJE 13.6)',1),
(170,'Paris Thibault',35,'ms. Tl. 1',10,72,334,'Motetten, Frottolen, frz. Chansons, Ricercari, Tänze',NULL,0,'In Paris, Bibliotheque G. Thibault (lt. RISM jetzt in F-Pn), Angaben nach Stähelin  Italienische Lautentabulatur',1),
(171,'Heidelberg Kapellinventar',NULL,'Ms. Pal. Germ. 318',7,38,302,'Inventarisiert Musikalien der Hofkapelle',NULL,0,'Musikalienverzeichnis der Heidelberger (Neuburger?) Hofkapelle; s. Stähelin',1),
(172,'VatS 64',52,'Capp.Sist. 64',3,81,NULL,'1 Mass, 1 Credo fragment (without text),2 Magnificats, 1 hymn, 4 motets (1 fragmentary) = 9','http://www.diamm.ac.uk/jsp/Descriptions?op=SOURCE&sourceKey=2637',0,'Ca. 1538-76 (main corpus); late 15th century (ff. 4-13); last quarter of 16th century (index and f. 3v). Copied in Rome, for use by Cappella Sistina.\n',1),
(173,'BolC A69 [AP]',39,'A69',6,NULL,343,'Franchinus Gaffurius: Tractatus practicabilium proportionum','http://www.bibliotecamusica.it/cmbm/scripts/gaspari/scheda.asp?id=1973',0,NULL,1);


--
-- Table structure for table `Werk`
--
DROP TABLE IF EXISTS `Werk`;
CREATE TABLE `Werk` (
  `idWerk` INTEGER PRIMARY KEY AUTOINCREMENT,
  `Titel` TEXT DEFAULT NULL,
  `Komponist` INTEGER DEFAULT NULL,
  `Komponist_Bezeichnung` TEXT DEFAULT NULL,
  `Bemerkung` TEXT,
  `Hs_Index` INTEGER DEFAULT NULL,
  `Handschrift` INTEGER DEFAULT NULL,
  `genutzt` INTEGER DEFAULT NULL,
  FOREIGN KEY (`Handschrift`) REFERENCES `Handschrift` (`idHandschrift`) ON UPDATE CASCADE,
  FOREIGN KEY (`Komponist`) REFERENCES `Komponist` (`idKomponist`) ON UPDATE CASCADE
);
CREATE INDEX "Werk_ix_Handschrift" ON "Werk" ("Handschrift");
CREATE INDEX "Werk_ix_Komponist" ON "Werk" ("Komponist");
--
-- Dumping data for table `Werk`
--
INSERT INTO `Werk` VALUES (1,'Missa Ave Regina caelorum',5,'Gaspar van Weerbeke','(lt. Roth)',5,1,1),
(2,'Missa Se la face ay pale',12,'Guillaume Dufay','(lt. Roth & Ergänzungen Wegman)',6,1,1),
(3,'Missa Spiritus almus',26,'Petrus de Domarto','(lt. Roth & Ergänzungen Wegman)',7,1,1),
(4,'Missa Aeterne rex altissime',17,'Johannes Vincenet','​Unicum, (lt. Roth)',8,1,1),
(5,'Missa Dixerunt discipuli',20,'Eloy d´Amerval','​Unicum, (lt. Roth)',9,1,1),
(6,'Missa sine nomine',21,'<anonym>','(lt. Roth & Ergänzungen Wegman)',10,1,1),
(7,'Missa Ecce ancilla domini',12,'Guillaume Dufay','(lt. Roth)',11,1,1),
(8,'Missa Ecce ancilla domini',16,'Johannes Regis','Angaben von Roth & CMM9',12,1,1),
(9,'Missa L´homme armé',12,'Guillaume Dufay','(lt. Roth)',13,1,1),
(10,'Missa L´homme armé',8,'Antoine Busnois','(lt. Roth & Ergänzungen Wegman)',14,1,1),
(11,'Missa Dum sacrum misterim / L´homme armé',16,'Johannes Regis','L´homme armé-Messe\nUnicum (lt. Roth & CMM9)',15,1,1),
(12,'Missa L´homme armé',31,'Philippe Caron','(lt. Roth)',16,1,1),
(13,'Missa L´homme armé',13,'Guillaume Faugues','(lt. Roth)',17,1,1),
(14,'Missa De plus en plus',2,'Johannes Ockeghem','Roth & Collected Works (Plamenac) Bd. 1',18,1,1),
(15,'Missa Puis que je vis',21,'<anonym>','Unicum',19,1,1),
(16,'Missa de Angelis',32,'Prioris','Angaben nach CMM 90/1',1,2,1),
(17,'Missa Je ne demande',7,'Agricola','CMM 22',2,2,1),
(18,'Missa Gaudeamus',1,'Josquin','NJE 4.2',3,2,1),
(19,'Missa Malheur me bat',1,'Josquin','NJE 9.1',4,2,1),
(20,'Missa Le Serviteur',7,'Agricola','CMM 22',5,2,1),
(21,'Missa L´ami baudichon',1,'Josquin','NJE 5.1',6,2,1),
(22,'Missa Le villain jalloux',34,'Fevin',NULL,7,2,1),
(23,'Missa Faisant regret',1,'Josquin','NJE 8.1',8,2,1),
(24,'Missa De beata virgine',1,'Josquin','NJE 3.3',9,2,1),
(26,'Missa Quarti Toni',19,'Fresneau','(lt. Fresneau - Messe et chanson)',13,2,1),
(27,'Missa Dominicalis',11,'Brumel','CMM 52 Bd. 1&2',14,2,1),
(28,'Missa Tant bel mi sont pensade',32,'Prioris','Angaben nach CMM 90/1',15,2,1),
(29,'Missa Puer natus',27,'Rue','CMM 97, Bd. 2 & 5',16,2,1),
(30,'Missa Ave maris stella',21,'<anonym>',NULL,17,2,1),
(31,'Missa A qui diralle sa pensée',21,'<anonym>',NULL,18,2,1),
(32,'Missa Cujusvis toni',2,'Ockeghem','Collected Works (Plamenac) Bd. 1',4,3,1),
(33,'Kyrie-Gloria De beata virgine',21,'<anonym>',NULL,5,3,1),
(34,'Missa Quant j´ay au ceur',4,'Isaac','Staehelin, Isaac Messen Bd. 1',6,3,1),
(35,'Missa La martinelle',15,'Martini','Unicum; siehe Johannes Martini: Masses. Part 2. Masses with Known Polyphonic Models, Madison 1999',7,3,1),
(36,'Missa Allez regrets',32,'Prioris','Unicum (lt. CMM90/1, S. XVI)',8,3,1),
(37,'Missa L´homme armé',10,'Compere','Ludwig Finscher: "Loyset Compere. Life and Works", American Institute of Musicology 1964 (Musicological Studies and Documents 12)',9,3,1),
(38,'Missa de Sancto Donatiano',3,'Obrecht','NOE 3',10,3,1),
(39,'Missa L´homme armé',28,'Tinctoris','Unicum (lt. Johanni Tinctoris Opera Omnia, hrsg. von William Melin, 1976, CMM 18)',11,3,1),
(40,'Missa [ad fugam]',24,'Orto','Unicum (lt.  Miller, Ronald L: The Musical Works of Marbriano de Orto: Transcription and Commentary, Unpublished Ph.D. dissertation, Indiana University (1974) & Jesse Rodin Diss.)',12,3,1),
(41,'Missa L´homme armé',9,'Basiron','Unicum\n(Jeffrey Dean. "Basiron, Philippe." Grove Music Online. Oxford Music Online. Oxford University Press, accessed December 5, 2014, http://www.oxfordmusiconline.com/subscriber/article/grove/music/02217.)',13,3,1),
(42,'Missa de Franza',9,'Basiron','extract ed. in OHM, ii (1905, 2/1932), 194 (Jeffrey Dean. "Basiron, Philippe." Grove Music Online. Oxford Music Online. Oxford University Press, accessed December 5, 2014, http://www.oxfordmusiconline.com/subscriber/article/grove/music/02217.)',15,3,1),
(43,'Missa Se mieulx ne vient',5,'Gaspar','Andrea Lindmayr: Die Gaspar van Weerbeke-Gesamtausgabe. Addenda et Corrigenda zum Werkverzeichnis; 1992',16,3,1),
(44,'Missa L´homme armé',2,'Ockeghem','Collected Works (Plamenac) Bd. 1',17,3,1),
(45,'Missa Princesse d´amourettes',5,'Gaspar','Andrea Lindmayr: Die Gaspar van Weerbeke-Gesamtausgabe. Addenda et Corrigenda zum Werkverzeichnis; 1992',18,3,1),
(46,'Missa de feria',15,'Martini','siehe Johannes Martini: Masses. Part 1. Masses without Known Polyphonic Models, Madison 1999',19,3,1),
(47,'Missa Plurimorum carminum I',3,'Obrecht','NOE 10',20,3,1),
(48,'Missa Gentilz gallans',30,'Pintelli','Vermutlich Unicum (Richard Sherr. "Pintelli, Johannes." Grove Music Online. Oxford Music Online. Oxford University Press, accessed December 5, 2014, http://www.oxfordmusiconline.com/subscriber/article/grove/music/40548.)',1,4,1),
(49,'Missa L´homme armé',29,'Pipelare','siehe: CMM 34/3',2,4,1),
(50,'Missa L´homme armé sexti toni',1,'Josquin','Werken, Missen V (1931), Boorman, Petrucci Catalogue, S. 871',3,4,1),
(51,'Missa La sol fa re mi',1,'Josquin','NJE 11.2',4,4,1),
(52,'Missa Fortuna',1,'Josquin','NJE 8.2',5,4,1),
(53,'Missa Ave maris stella',1,'Josquin','NJE 3.1',6,4,1),
(55,'Missa De beata virgine',27,'Rue','CMM 97, Bd. 2 & 5',8,4,1),
(56,'Missa Victime',11,'Brumel','CMM 52 Bd. 1&2',9,4,1),
(57,'Missa Au travail suis',2,'Ockeghem','Collected Works (Plamenac) Bd. 1',10,4,1),
(58,'Missa Quarti Toni [=Mi Mi?]',2,'Ockeghem','Collected Works (Plamenac) Bd. 2',11,4,1),
(59,'Missa Da pacem domine',25,'Pasquin','Unicum (lt: Rob C. Wegman. "Pasquin." Grove Music Online. Oxford Music Online. Oxford University Press, accessed December 5, 2014, http://www.oxfordmusiconline.com/subscriber/article/grove/music/40553.)',12,4,1),
(60,'Missa D´ung aultre amer',1,'Josquin','NJE 7.3',13,4,1),
(61,'Missa Trop penser',5,'Gaspar','(lt. Roth)',14,4,1),
(62,'Missa Du bon du ceur',6,'Vaqueras','Unicum (lt. Sherr CMM 78)',1,5,1),
(63,'Missa [Adieu madame]',21,'<anonym>','http://ricercar.cesr.univ-tours.fr/3-programmes/EMN/MessesAnonymes/pages/liste.asp',2,5,1),
(64,'Missa L´homme armé',6,'Vaqueras','Unicum (lt. Sherr CMM 78)',3,5,1),
(66,'Missa [Sine nomine]',21,'<anonym>','http://ricercar.cesr.univ-tours.fr/3-programmes/EMN/MessesAnonymes/pages/liste.asp',5,5,1),
(67,'Missa Comme femme',4,'Isaac','Staehelin, Isaac Messen Bd. 1',6,5,1),
(68,'Missa T´meiskin',4,'Isaac','Staehelin, Isaac Messen Bd. 1',7,5,1),
(69,'Missa *',14,'Hilanas','Wohl Unicum (s. NGroveOnline)',9,5,1),
(70,'Missa Ave maris stella',21,'<anonym>',NULL,10,5,1),
(71,'Missa Elle est bien malade',21,'<anonym>',NULL,11,5,1),
(72,'Missa ad fugam',1,'Josquin','Boorman, Petrucci Catalogue, S. 856f.',12,5,1),
(73,'Missa L´homme armé',11,'Brumel','CMM 52 Bd. 1&2',13,5,1),
(74,'Missa Acueilly m´a la belle',31,'Philippe Caron','Unicum (lt. Roth)',2,6,1),
(75,'Missa Pour quoy',18,'Cornelius Heyns','(lt. Roth)',3,6,1),
(76,'Missa O gloriosa',17,'Johannes Vincenet','(lt. Roth)',4,6,1),
(77,'Missa Et super novem dealabor',22,'Nicasius de Clibano','Unicum',5,6,1),
(78,'Missa Jesus autem transiens',31,'Philippe Caron','Unicum (lt. Roth)',6,6,1),
(79,'Missa Basse danse',13,'Guillaume Faugues','(lt. Roth)',7,6,1),
(80,'Missa Vinnus vina',13,'Guillaume Faugues','Unicum (lt. Roth)',8,6,1),
(81,'Missa Sanguis sanctorum',31,'Philippe Caron','(lt. Roth)',9,6,1),
(82,'Missa L´ardant désir',21,'<anonym>','Unicum',10,6,1),
(83,'Missa O Crux lignum triumphale',8,'Antoine Busnois','Unicum (lt. Roth)',11,6,1),
(84,'Missa D´ung aultre amer',21,'<anonym>',NULL,12,6,1),
(85,'Missa Regina caeli',9,'Philippe Basiron','Jeffrey Dean. "Basiron, Philippe." Grove Music Online. Oxford Music Online. Oxford University Press, accessed December 5, 2014, http://www.oxfordmusiconline.com/subscriber/article/grove/music/02217\nAuch bei Roth',13,6,1),
(86,'Missa O venus bant',5,'Gaspar van Weerbeke','(lt. Roth)',14,6,1),
(87,'Missa Orsus orsus',15,'Johannes Martini','2 Fassungen; siehe Johannes Martini: Masses. Part 2. Masses with Known Polyphonic Models, Madison 1999 & Roth',15,6,1),
(88,'Missa Cela sans plus',15,'Johannes Martini','Unicum; siehe Johannes Martini: Masses. Part 2. Masses with Known Polyphonic Models, Madison 1999 & Roth',16,6,1),
(89,'Missa Je ne demande',21,'<anonym>','Unicum',17,6,1),
(90,'Missa Salve diva parens',3,'Jacob Obrecht','NOE 11',24,6,1),
(94,'Missa [Sine nomine]',21,'<anonym>','http://ricercar.cesr.univ-tours.fr/3-programmes/EMN/MessesAnonymes/pages/liste.asp',4,7,1),
(95,'Missa [De Feria]',21,'<anonym>','http://ricercar.cesr.univ-tours.fr/3-programmes/EMN/MessesAnonymes/pages/liste.asp',13,7,1),
(96,'Missa L´homme armé super voces',1,'Josquin','Werken, Missen 1 (1926); Boorman, Petrucci Catalogue, S. 871f.',1,8,1),
(97,'Kyrie paschali',21,'<anonym>','​Unicum, (lt. Roth)',1,1,1),
(98,'Kyrie tempore paschali',21,'<anonym>','​Unicum, (lt. Roth)',2,1,1),
(99,'Missa [de beata virgine]',23,'Johannes Wreede','​Unicum, (lt. Roth)',3,1,1),
(100,'Gloria [de beata virgine]',21,'<anonym>','​Unicum, (lt. Roth)',4,1,1),
(101,'Credo',21,'<anonym>',NULL,1,6,1),
(102,'Gloria [de beata Virgine]',21,'<anonym>','Unicum',18,6,1),
(103,'Credo [de Village]',22,'Nicasius de Clibano','(lt. Roth & Ergänzungen Wegman)',19,6,1),
(104,'Credo [De tous bien]',5,'Gaspar van Weerbeke','(lt. Roth)',20,6,1),
(105,'Credo I',6,'<anonym>','NGroveOnline & Sherr CMM 78\n',21,6,1),
(106,'Credo',21,'<anonym>',NULL,22,6,1),
(107,'Credo IV',6,'Vaqueras','NGroveOnline & Sherr CMM 78\n',23,6,1),
(108,'Credo Chascun me crie',1,NULL,'NJE 13.1',11,2,1),
(109,'Credo (a cinque)',24,NULL,'Unicum (lt.  Miller, Ronald L: The Musical Works of Marbriano de Orto: Transcription and Commentary, Unpublished Ph.D. dissertation, Indiana University (1974) & Jesse Rodin Diss.)',27,3,1),
(110,'Credo Je ne vis oncques II',7,'<anonym>','CMM 22, II',15,4,1),
(112,'Kyrie de feria',21,'<anonym>','http://ricercar.cesr.univ-tours.fr/3-programmes/EMN/MessesAnonymes/pages/liste.asp',12,7,1),
(113,'Credo Vilayge II',1,NULL,'NJE 13.6',12,2,1),
(115,'Credo De tous biens playne',1,NULL,'NJE. 13.2',17,4,1),
(116,'Credo La belle se siet',1,'Ro. de Fevin','NJE 13.3',16,4,1),
(122,'Missa L´homme armé',24,'De Orto','Lt. Orto-Diss.',1,172,1);



--
-- Table structure for table `Ausgabe`
--
DROP TABLE IF EXISTS `Ausgabe`;
CREATE TABLE `Ausgabe` (
  `idAusgabe` INTEGER PRIMARY KEY AUTOINCREMENT,
  `Nachweis` TEXT NOT NULL UNIQUE,
  `Titel` TEXT DEFAULT NULL,
  `Herausgeber` TEXT DEFAULT NULL,
  `Verlag` TEXT DEFAULT NULL,
  `Auflage` INTEGER DEFAULT NULL,
  `Art` INTEGER DEFAULT NULL,
  `Datierung` INTEGER DEFAULT NULL,
  `Ort` INTEGER DEFAULT NULL,
  `genutzt` tinyint(1) DEFAULT NULL,
  FOREIGN KEY (`Art`) REFERENCES `Quellenart` (`idQuellenart`) ON UPDATE CASCADE,
  FOREIGN KEY (`Ort`) REFERENCES `Ort` (`idOrt`) ON UPDATE CASCADE,
  FOREIGN KEY (`Datierung`) REFERENCES `Zeit` (`idZeit`) ON UPDATE CASCADE
);
CREATE INDEX "Ausgabe_ix_Art" ON "Ausgabe" ("Art");
CREATE INDEX "Ausgabe_ix_Ort" ON "Ausgabe" ("Ort");
CREATE INDEX "Ausgabe_ix_Datierung" ON "Ausgabe" ("Datierung");
--
-- Dumping data for table `Ausgabe`
--
INSERT INTO `Ausgabe` VALUES 
(1,'G 450','Misse Gaspar',NULL,'Petrucci',NULL,2,257,106,1),
(3,'1505/1','Fragmenta missarum',NULL,'Petrucci',NULL,8,255,106,1),
(5,'A 431','Misse Alexandri Agricole',NULL,'Petrucci',NULL,2,252,106,1),
(6,'Heyden 1537','Musica id est, artis canendi libri duo','Sebald Heyden','J. Petreius',NULL,6,288,70,1),
(7,'B 4643','Misse Brumel',NULL,'Petrucci',NULL,2,249,106,1),
(8,'L 718','Misse Petri de la Rue',NULL,'Petrucci',NULL,2,249,106,1),
(9,'I 88','Misse henrici Jzac',NULL,'Petrucci',NULL,2,256,106,1),
(10,'1504/2','Harmonice musices Odhecaton A',NULL,'Petrucci',NULL,8,252,106,1),
(11,'[c.1535]/14','[3 Stimmbücher ohne Titelblatt]',NULL,'Egenolff',NULL,8,286,28,1),
(12,'1538/9','Trium vocum carmina a diversis musicis composita',NULL,'Formschneider',NULL,8,289,70,1),
(13,'1507/5 oder 1507/6','Intabulatura de Lauto. Libro primo / secondo','Francesco Spinacino','Petrucci',NULL,10,257,106,1),
(14,'1536/12','Ein Newgeordnet Kuenstlich Lautenbuch I','Newsiedler, H.','J. Petreius',NULL,10,287,70,1),
(15,'1562/24','Lautten Buch','Heckel, Wolffen','Chr. Müller',NULL,10,NULL,95,1),
(17,'1509/1','Missarum diversorum auctorum. Liber primus',NULL,'Petrucci',NULL,8,259,106,1),
(18,'1522','Missarum decem a clarissimis musicis compositarum ... Liber primus',NULL,'G. Giunta',NULL,8,280,81,1),
(19,'1516/1','Liber quindecim missarum electarum quae per excellentissimos musicos compositae fuerunt',NULL,'A. Antico',NULL,8,276,81,1),
(20,'O 7','Misse obreht.',NULL,'Petrucci',NULL,2,249,106,1),
(22,'Heyden 1540','De arte canendi ... libri duo','Sebald Heyden','J. Petreius',2,6,294,70,1),
(27,'1547/1','Dodechachordon','Heinrich Glareanus','H. Petri',NULL,6,306,9,1),
(28,'Erotemata 1563','Erotemata 1563','A. Wilphingseder','C. Heussler',NULL,6,322,70,1),
(29,'Sonnleitner-Forkel','Geschichte der Musik in Denkmälern','Forkel, Johann Nicolaus; Sonnleithner, Ignaz von','<nie gedruckt, da 1806 zerstört>',NULL,8,NULL,169,0),
(30,'1539/1','Liber quindecim missarum, à praestantissimis musicis compositarum',NULL,'J. Petreius',NULL,8,291,70,1),
(33,'J 673 (J 674)','Missarum Josquin Liber Tertius',NULL,'O. Petrucci',NULL,2,270,27,1),
(35,'J 671','Missarum Josquin Liber secundus',NULL,'O. Petrucci',NULL,2,272,27,1),
(39,'J 668 (J 667)','Liber primus Missarum Joquin',NULL,'O. Petrucci',NULL,2,276,27,1),
(40,'J 670','Missarum Josquin Liber secundus',NULL,'Petrucci',NULL,2,255,106,1),
(41,'J 666','Liber primus Missarum Joquin',NULL,'O. Petrucci',NULL,2,246,106,1),
(42,'J 669','Liber primus Missarum Joquin',NULL,'Giunta, Pasoti & Dorico',NULL,2,283,81,1),
(43,'J 672','Libri secundi Missarum Josquin',NULL,'Giunta, Pasoti & Dorico',NULL,2,283,81,1),
(44,'J 675','Missarum Josquin Liber Tertius',NULL,'Giunta, Pasoti & Dorico',NULL,2,283,81,1),
(46,'1543/19','Il primo libro a due voci de diversi autori',NULL,'A. Gardane',NULL,8,300,106,1),
(47,'1553/26','Il primo libro a due voci de diversi autori novamente ristampato',NULL,'A. Gardane',NULL,8,313,106,1),
(48,'1545/6','Bicinia gallica, latina, germanica, ex praestantissimis musicorum monumentis collecta ... Tomus primus',NULL,'G. Rhau',NULL,8,303,109,1),
(49,'1545/7','Secundus tomus biciniorum, quae et ipsa sunt gallica, latina, germanica ex praestantissimis symphonistis collecta...',NULL,'G. Rhau',NULL,8,303,109,1),
(50,'1552/29','Hortus musarum','Pierre Phalèse','P. Phalèse',NULL,10,312,52,1),
(51,'1552/35','Libro de musica de vihuela','Diego Pisador','D. Pisador',NULL,10,312,83,1),
(52,'Vaena 1540','Arte nouamente insuentada pera aprender a tanger','Gonzalo de Baena','G. Galharde',NULL,10,294,50,1),
(53,'1547/25','Libro de musica de vihuela, intiulado Silva de sirenas','Enriquez de Valderrábano','F. Fernandez de Cordova',NULL,10,306,105,1),
(54,'1503/1','Motetti De passione De cruce De sacramento De beata virgine et huiusmodi. B',NULL,'O. Petrucci',NULL,8,249,106,1),
(55,'1508/3','Laude Licro secondo',NULL,'O. Petrucci',NULL,8,259,106,1),
(57,'1554/32','Libro de musica para vihuela, intitulado Orphenica lyra','Miguel de Fuenllana','Martin de Montesdoca',NULL,10,314,91,1),
(58,'Mudarra 1546/14 (Brown) & 1546/34','Tres libros de musica en cifras para vihuela...','Alonso Mudarra','Juan de Leon',NULL,10,304,91,1),
(59,'1538/22','Los seys libros del Delphin de musica de cifras para taner','Luis de Narváez','Diego Hernandez de Cordova',NULL,10,289,105,1),
(60,'Zanger 1554','Practicae musicae praecepta','Johannes Zanger','G. Hantisch',NULL,6,314,49,1),
(61,'1549/16','Diphona amoena et florida, selectore Erasmo Rotenbuchero, boiaro',NULL,'Johann Montanus & Ulrich Neuber',NULL,8,309,70,1),
(62,'1590/30','Selectae artificiosae et elegantes fugae duarum, trium, quatuor, et plurium vocum ... partim compositae à Iacobo Paix...',NULL,'L. Reinmichel',NULL,8,331,48,1),
(63,'1594/3','Selectae artificiosae et elegantes fugae duarum, trium, quatuor, et plurium vocum ... partim compositae à Iacobo Paix...',NULL,'L. Reinmichel',NULL,8,332,48,1),
(64,'1583/22','Orgel oder Instrument Tabulaturbuch','Nicolaus Ammerbach','C. Gerlach',NULL,10,330,70,1),
(65,'1578/24','Obras de musica para tecla arpa y vihuela','Antonio Cabecon','F. Sanchez',NULL,10,329,54,1),
(66,'Heckel 1556/34','Discant. Lautenbuch','Wolffen Heckel','U. Wyss',NULL,10,315,95,1),
(67,'1536/13','Der ander Theil des Lautenbuchs','Newsiedler, Hans','J. Petreius',NULL,10,287,70,1),
(68,'1558/20','Tabulaturbuch auff die Lauten, von Moteten, französichen-welschen und teütschen geystlichen und weltlichen Liedern...','Sebastian Ochsenkun','J. Kohlen',NULL,10,318,38,1),
(69,'Venegas 1557/2 (Brown)','Libro de cifra nueva para tecla, harpa, y vihuela','Luis Venegas de Henestrosa','J. de Brocar',NULL,10,316,3,1),
(71,'1539/2','Missae tredecim quatuor vocum a praestantiss. artificib. compositae.',NULL,'H. Grapheus',NULL,8,291,70,1),
(73,'[1506] Nr. 30 (Boorman)','I Missarum Joquin',NULL,'O. Petrucci',2,2,256,106,1),
(74,'J 677','Missa Josquini super Lhomme arme. Sexti toni','--unbekannt--','--unbekannt--',NULL,2,319,2,1),
(75,'Faber, Nürnberg 1550','Ad musicam practicam introductio','Faber, Henricus',NULL,NULL,6,311,70,1),
(76,'Gallus Dreslerus Nebraeus, Magdeburg 1571','Musicae practicae elementa in usum scholae Magdeburgensis edita','Gallus Dreslerus Nebraeus','Kirchner',NULL,6,328,55,1),
(78,'Tinctoris, Prop. Mus.','Proportionale musices','Johannes Tinctoris','--mehrfach handschriftl.--',NULL,6,218,1,1),
(79,'Tinctoris, Lib. Con.','Liber de Arte Contrapuncti','Johannes Tinctoris','--mehrfach handschriftl.--',NULL,6,221,1,1),
(81,'Finck 1556','Practica musica','Finck','Rhau',NULL,6,315,109,1),
(82,'1501','Harmonice musices Odhecaton A',NULL,'Petrucci',NULL,8,242,106,1),
(83,'1515/1 & F 689','Misse Antonii de Fevin',NULL,'Petrucci',NULL,8,272,106,1),
(84,'O 137','Misse de Orto',NULL,'Petrucci',NULL,2,255,106,1);


--
-- Table structure for table `Konkordanz`
--
DROP TABLE IF EXISTS `Konkordanz`;
CREATE TABLE `Konkordanz` (
  `idKonkordanz` INTEGER PRIMARY KEY AUTOINCREMENT,
  `WerkID` INTEGER DEFAULT NULL,
  `Handschrift` INTEGER DEFAULT NULL,
  `Ausgabe` INTEGER DEFAULT NULL,
  `Quellen_Index` TEXT DEFAULT NULL,
  `Komponist_Text` TEXT DEFAULT NULL,
  `Titel` TEXT DEFAULT NULL,
  `Datierung` INTEGER DEFAULT NULL,
  `enthaelt` TEXT DEFAULT NULL,
  `Notizen` TEXT,
  `genutzt` INTEGER DEFAULT NULL,
  `Stimmzahl` TEXT DEFAULT NULL,
  `Kyrie` INTEGER DEFAULT NULL,
  `Gloria` INTEGER DEFAULT NULL,
  `Credo` INTEGER DEFAULT NULL,
  `Sanctus` INTEGER DEFAULT NULL,
  `Agnus` INTEGER DEFAULT NULL,
  FOREIGN KEY (`Ausgabe`) REFERENCES `Ausgabe` (`idAusgabe`) ON UPDATE CASCADE,
  FOREIGN KEY (`Handschrift`) REFERENCES `Handschrift` (`idHandschrift`) ON UPDATE CASCADE,
  FOREIGN KEY (`WerkID`) REFERENCES `Werk` (`idWerk`) ON UPDATE CASCADE
);
CREATE INDEX "Konkordanz_ix_Ausgabe" ON "Konkordanz" ("Ausgabe");
CREATE INDEX "Konkordanz_ix_Handschrift" ON "Konkordanz" ("Handschrift");
CREATE INDEX "Konkordanz_ix_WerkID" ON "Konkordanz" ("WerkID");
--
-- Dumping data for table `Konkordanz`
--
INSERT INTO `Konkordanz` VALUES 
(1,97,1,NULL,'1, 3v-5r',NULL,'Kyrie pascali','219',NULL,NULL,1,'4',1,0,0,0,0),
(2,98,1,NULL,'2, 5v-6r',NULL,'Tempore pascali','219',NULL,NULL,1,'4',1,0,0,0,0),
(3,99,1,NULL,'3, 6v-10r','Jo Vreede brugensis',NULL,'219',NULL,NULL,1,'4',1,1,0,0,0),
(4,1,1,NULL,'5, 14v-27r','Gaspar','II.','219',NULL,NULL,1,'4',1,1,1,1,1),
(5,2,1,NULL,'6, 27v-38r','Dufay','III.','219',NULL,NULL,1,'4',1,1,1,1,1),
(6,3,1,NULL,'7, 38v-47r','De domarto','IV.','219',NULL,NULL,1,'4',1,1,1,1,1),
(7,4,1,NULL,'8, 47v-56r','Vincenet','V.','219',NULL,NULL,1,'4',1,1,1,1,1),
(8,5,1,NULL,'9, 56v-65r','Eloy','VI.','219',NULL,NULL,1,'5',1,1,1,1,1),
(9,6,1,NULL,'10, 65v-75r',NULL,'VII.','219',NULL,NULL,1,'4',1,1,1,1,1),
(10,7,1,NULL,'11, 76v-86r','Dufay','VIII.','219',NULL,NULL,1,'4',1,1,1,1,1),
(11,8,1,NULL,'12, 87v-101r','Regis','IX.','219',NULL,NULL,1,'4',1,1,1,1,1),
(12,9,1,NULL,'13, 101v-103r, 103v-105r','Dufay','X.','219',NULL,NULL,1,'4',1,1,0,0,0),
(13,10,1,NULL,'14, 106v-117r','Busnois','XI.','219',NULL,NULL,1,'4',1,1,1,1,1),
(14,11,1,NULL,'15, 117v-127r','Regis','XII.','219',NULL,NULL,1,'4',1,1,1,1,1),
(15,12,1,NULL,'16, 127v-138r','Caron','XIII.','219',NULL,NULL,1,'4',1,1,1,1,1),
(16,13,1,NULL,'17, 138v-149r','G. Faugues','XIV.','219',NULL,'Fassung I. Notiert wurden lediglich D,T und CTA, Kanonanweisung fehlt.',1,'3',1,1,1,1,1),
(17,14,1,NULL,'18, 149v-160r','Ockeghem','XV.','219',NULL,NULL,1,'4',1,1,1,1,1),
(18,15,1,NULL,'19, 160v-170r',NULL,'XVI.','219',NULL,NULL,1,'4',1,1,1,1,1),
(19,96,8,NULL,'1','Josquin',NULL,'233',NULL,NULL,1,'4',1,1,1,1,1),
(20,16,2,NULL,'1, ff. 6r-27r','Prioris','Missa de Angelis (Missa de Angelis)','258',NULL,NULL,1,'4',1,1,1,1,1),
(21,17,2,NULL,'2','Agricola','Supra Je ne demande (Missa Je nedemande)','253',NULL,NULL,1,'4',1,1,1,1,1),
(22,18,2,NULL,'3, ff. 46v-60','Josquin des pres (Josquin)','(Missa Gaudeamus)','253',NULL,'Kompl. Text in allen Stimmen',1,'4',1,1,1,1,1),
(23,19,2,NULL,'4, ff. 61v-75','Josquin','(Missa Malheur mebat)','253',NULL,'Kompl. Text in allen Stimmen',1,'4',1,1,1,1,1),
(24,20,2,NULL,'5','Agricola','(Missa Le Serviteur)','257',NULL,NULL,1,'4',1,1,1,1,1),
(25,21,2,NULL,'6 / ff. 96-105v','Josquin','(Missa Lamibaudichon)','253',NULL,'kompletter Text in allen Stimmen',1,'4',1,1,1,1,1),
(26,22,2,NULL,'7','(Fevin)','Le villain Jalloux [Missa Le villain Jaloulx)','258',NULL,NULL,1,'4',1,1,1,1,1),
(27,23,2,NULL,'8, ff. 118v-128','Josquin des Pres (Josquin)','(Missa Faisant regret)','253',NULL,'Kompl. Text in allen Stimmen',1,'4',1,1,1,1,1),
(28,24,2,NULL,'9, ff. 129v-132','(Josquin)','(Patrem de vilage a cinq)','259',NULL,'Kompl. Text in allen Stimmen; Offenbar nachträglich (auch im Inhalt) eingefügt, Schriftbild der Noten weicht erheblich ab',1,'4',0,0,1,0,0),
(29,24,2,NULL,'10, ff. 135v-139','Josquin Des Pres  (Josquin)','(Et in terra de beata virgine)','258',NULL,'Kompl. Text in allen Stimmen',1,'4',0,1,0,0,0),
(30,26,2,NULL,'13','Fresneau','(Missa quarti toni)','260',NULL,NULL,1,'4',1,1,1,1,1),
(31,27,2,NULL,'14','Brumel (de Brumel)','(Missa Dominicalis)','260',NULL,'f.189 verloren, Agnus III unvollst.',1,'4',1,1,1,1,0),
(32,28,2,NULL,'15','Prioris','(Tant bel mi sont pensade)','260',NULL,NULL,1,'4',1,1,1,1,1),
(33,29,2,NULL,'16, ff.208v-218r','(de la rue)','(Missa Puer natus)','249',NULL,'Papstwappen auf 1. Seite...',1,'4',1,1,1,1,1),
(34,30,2,NULL,'17',NULL,'[M. Ave maris stella]','249',NULL,'Nicht im Inhaltsverzeichnis, nur 2 Stimmen des Kyrie-Anfangs???',1,NULL,1,0,0,0,0),
(35,31,2,NULL,'18',NULL,'(Missa aquidiralle sa pensee)','233',NULL,NULL,1,'4',1,1,1,1,1),
(36,10,7,NULL,'1',NULL,'lomme arme','247',NULL,NULL,1,'4',1,1,1,1,1),
(37,57,7,NULL,'2, fol. 12v-18r','Jo. Okeghem','Missa Sine nomine','222',NULL,NULL,1,'4',1,1,1,1,1),
(38,58,7,NULL,'3, fol. 18v-28r','Jo. Okeghen','[keine Angabe]','222','[keine Angabe]',NULL,1,'4',1,1,1,1,1),
(39,94,7,NULL,'4',NULL,NULL,'222',NULL,NULL,1,'4',1,1,1,1,1),
(40,95,7,NULL,'13',NULL,NULL,'352',NULL,NULL,1,'4',1,0,0,1,1),
(41,1,119,NULL,'no fol.','Gaspar',NULL,NULL,NULL,'Nur Discantus überliefert (Roth)',1,'1',1,1,1,1,1),
(47,32,3,NULL,'4, fol. 11v-20r','Ockeghen','Cujusvis toni','228',NULL,NULL,1,'4',1,1,1,1,1),
(48,33,3,NULL,'5, 23v-28',NULL,NULL,'228',NULL,NULL,1,'4',1,1,0,0,0),
(49,34,3,NULL,'6, 28v-37','ysaac',NULL,'228',NULL,NULL,1,'4',1,1,1,1,1),
(50,35,3,NULL,'7; fols. 38v-52','Jo. Martini',NULL,'228',NULL,NULL,1,'4',1,1,1,1,1),
(51,36,3,NULL,'8, 52v-62','Prioris',NULL,'228',NULL,NULL,1,'4',1,1,1,1,1),
(52,37,3,NULL,'9, 62v-70','L. Compere',NULL,'228',NULL,NULL,1,'4',1,1,1,1,1),
(53,38,3,NULL,'10, fol. 71v-85r (laut falscher Zählung 49v-63r)','Ja. Hobrecht','[ohne]','228','[keine Angabe]',NULL,1,'4',1,1,1,1,1),
(54,39,3,NULL,'11, 85v-104','Tinctoris',NULL,'228',NULL,NULL,1,'4',1,1,1,1,1),
(55,40,3,NULL,'12, 104v-110','M. deorto',NULL,'228',NULL,'Credo am Ende der Hs. 206v-208',1,'3',1,1,0,1,1),
(56,41,3,NULL,'13, 110v-122','Philippon',NULL,'228',NULL,NULL,1,'4',1,1,1,1,1),
(57,42,3,NULL,'15, 124v-135','Phi. Baziron',NULL,'228',NULL,NULL,1,'4',1,1,1,1,1),
(58,43,3,NULL,'16, 137v-148','Gaspar',NULL,'228',NULL,NULL,1,'4',1,1,1,1,1),
(59,44,3,NULL,'17, 148v-158',NULL,NULL,'228',NULL,NULL,1,'4',1,1,1,1,1),
(60,45,3,NULL,'18, 158v-170','Gaspar',NULL,'228',NULL,NULL,1,'4',1,1,1,1,1),
(61,46,3,NULL,'19, fols. 170v-176',NULL,NULL,'228',NULL,NULL,1,'4',1,0,0,1,1),
(62,47,3,NULL,'20, fol. 176v-178r','Hobrecth','[ohne]','228','Nur Kyrie','Die meisten Modelle benannt, wo sie zitiert werden',1,'4',1,0,0,1,0),
(63,48,4,NULL,'1','(Pintelli)','(Missa gentilz gallans)','243',NULL,NULL,1,'4',1,1,1,1,1),
(64,49,4,NULL,'2, fol. 15v-27r','(Pipelare)','Lomme arme (M. L homme armé)','250',NULL,NULL,1,'4',1,1,1,1,1),
(65,50,4,NULL,'3','Josquin (Josquin)','L omme Armé (M. L homme armé)','250',NULL,NULL,1,'4',1,1,1,1,1),
(66,51,4,NULL,'4, ff. 38v-49','(Josquin)','Lesse faire a mi (M. Lasse mare amy)','354',NULL,'Nahezu kompl. Text in allen St. Außer T',1,'4',1,1,1,1,1),
(67,52,4,NULL,'5, fol. 50v-61r','Josquin des pres (Josquin)','(M. Fortune)','351',NULL,'Vollst. Text in allen St., außer, dass in den C.f.-tragenden Stimmen nur Inscipits sind',1,'4',1,1,1,1,1),
(68,53,4,NULL,'6, ff. 62v-72','(Josquin)','(M. Ave maris stella)','250',NULL,'Kompl. Text in allen Stimmen',1,'4',1,1,1,1,1),
(69,71,4,NULL,'7',NULL,NULL,'250',NULL,'Nur Cantus & Tenor des Kyrie',1,'2',1,0,0,0,0),
(70,55,4,NULL,'8','P. DELA RVE (Perisson de la rue)','(M. de beata virgine)','248',NULL,NULL,1,'4',1,1,1,1,1),
(71,56,4,NULL,'9','(Brumel)','(M. Victime)','351',NULL,NULL,1,'4',1,1,1,1,1),
(72,57,4,NULL,'10, fol. 54v-63r','(Ogkeguam)','Missa Au travail suys (Index)','361',NULL,NULL,1,'4',1,1,1,1,1),
(73,58,4,NULL,'11','(Okeguam)','(M. Quarti toni)','364',NULL,NULL,1,'4',1,1,1,1,1),
(74,59,4,NULL,'12','(Pasquin)','(M. Da pacem domine)','251',NULL,NULL,1,'4',1,1,1,1,1),
(75,60,4,NULL,'13, ff. Cxlviiii´-Clv','(Josquin)','(M. Dung aultre amer)','251',NULL,'Wesentlicher Text komplett außer in T, dort nur Incipits',1,'4',1,1,1,1,1),
(76,61,4,NULL,'14','(Gaspar)','(M. Trop penser)','244',NULL,NULL,1,'4',1,1,1,1,1),
(77,62,5,NULL,'1, fol. 2v-13','Vaqueras',NULL,'252',NULL,NULL,1,'4',1,1,1,1,1),
(78,63,5,NULL,'2, f. 13v-22',NULL,NULL,'250',NULL,NULL,1,'4',1,1,1,1,1),
(79,64,5,NULL,'3, fol. 23v-35','Vaqueras',NULL,'247',NULL,NULL,1,'4',1,1,1,1,1),
(80,9,5,NULL,'4, 36v-55r',NULL,NULL,'234',NULL,NULL,1,'4',1,1,1,1,1),
(81,66,5,NULL,'5, f. 56v-68',NULL,NULL,'235',NULL,NULL,1,'4',1,1,1,1,1),
(82,67,5,NULL,'6, f. 69v-83',NULL,NULL,'233',NULL,'Pleni & Benedictus vertauscht textiert & eingeordnet Abweichendes Agnus I; Agnus II = Agnus I bei Petrucci; Agnus III = Agnus II bei Petrucci',1,'4',1,1,1,1,1),
(83,68,5,NULL,'7, f. 84v-93',NULL,NULL,'234',NULL,NULL,1,'4',1,1,1,1,1),
(84,69,5,NULL,'9, f. 98v-109','Jo De Hillanas',NULL,'250',NULL,NULL,1,'4',1,1,1,1,1),
(85,70,5,NULL,'10, f. 110v-119',NULL,NULL,'250',NULL,NULL,1,'4',1,1,1,1,1),
(86,71,5,NULL,'11, f. 120v-128',NULL,NULL,'250',NULL,NULL,1,'4',1,1,1,1,1),
(87,72,5,NULL,'12, 129v-140r','anon.',NULL,'233',NULL,'Pleni, Benedictus & Agnus zweistimmig',1,'4',1,1,1,1,1),
(88,73,5,NULL,'13, f.144v-148r',NULL,NULL,'247',NULL,'ohne Text / Lt. RISM Kyrie und Anfang Gloria',1,'4',1,1,0,0,0),
(89,74,6,NULL,'2, 6v-17r','Caron',NULL,'219',NULL,NULL,1,'4',1,1,1,1,1),
(90,75,6,NULL,'3, 18v-27r','Corneli Heyns',NULL,'219',NULL,'Et in terra, Sanctus, Osanna Tenor doppelt notiert (selbe Schrift, beides mit Initialen)?',1,'4',1,1,1,1,1),
(91,76,6,NULL,'4, 27v-36r','Vincenet',NULL,'219',NULL,'Sanctus mit "Gloria" nach Benedictus',1,'4',1,1,1,1,1),
(92,77,6,NULL,'5, 37v-46r','Declibano',NULL,'219',NULL,NULL,1,'4',1,1,1,1,1),
(93,78,6,NULL,'6, 46v-55r','Caron',NULL,'219',NULL,'Abweichendes Schriftbild und mis-en-page im Kyrie, keine Leerseiten zwischen vorhergehender Messe; Gloria wieder unauffällig',1,'4',1,1,1,1,1),
(94,79,6,NULL,'7, 55v-68r','Fagus',NULL,'219',NULL,'Schrift abweichend im Kyrie (nach rechts geneigt)',1,'4',1,1,1,1,1),
(95,80,6,NULL,'8, 68v-81r',NULL,NULL,'219',NULL,'Tenor häufig zusätzlich unterteilt, "Residuum"',1,'4',1,1,1,1,1),
(96,81,6,NULL,'9, 81v-88r','Caron',NULL,'219',NULL,'Kein Agnus, 4 Leerseiten',1,'4',1,1,1,1,0),
(97,82,6,NULL,'10, 90v-104r',NULL,NULL,'219',NULL,'Gloria 1."Ramalogia" überschrieben, 2. Seite "pentonans", 2. S. Credo "Antiptongus" & Tenor "Bariboans", 1. S. Sanctus "Epitroporosus", Bassus Sanctus "Tipibolizacus"',1,'4',1,1,1,1,1),
(98,83,6,NULL,'11, 104v-113r','Busnois',NULL,'219',NULL,'Credo, Tenor zusätzlich unterteilt; "Residuum"',1,'4',1,1,1,1,1),
(99,84,6,NULL,'12, 113v-122r',NULL,NULL,'219',NULL,NULL,1,'4',1,1,1,1,1),
(100,85,6,NULL,'13, 123v-132r','Philippon',NULL,'219',NULL,'"Residuum", Gloria unvollständig, Chaos im Credo',1,'4',1,1,1,1,1),
(101,86,6,NULL,'14, 132v-145r','Gaspar',NULL,'219',NULL,NULL,1,'4',1,1,1,1,1),
(102,87,6,NULL,'15, 145v-155r','J Martini','Orsus orsus (Incipit)','219','Et incarnatus fehlt','Fassung I',1,'4',1,1,1,1,1),
(103,88,6,NULL,'16, 155v-165r','Jo Martini','Sela sans plus (incipit)','219',NULL,NULL,1,'4',1,1,1,1,1),
(104,89,6,NULL,'17, 165v-176r',NULL,NULL,'219',NULL,NULL,1,'4',1,1,1,1,1),
(105,90,6,NULL,'24, fol. 196v-215r','[ohne]','[ohne]','348','Fehlt: Qui cum patre & Osanna I',NULL,1,NULL,1,1,1,1,1),
(106,1,NULL,1,'[Nr. 1]','Gaspar','Aue regina celorum',NULL,NULL,NULL,1,'4',1,1,1,1,1),
(125,1,96,NULL,'36, f. 160v-76','Gaspar',NULL,NULL,NULL,NULL,1,'4',1,1,1,1,1),
(126,100,1,NULL,'4, 10v-13r',NULL,NULL,'219',NULL,NULL,1,'4',0,1,0,0,0),
(127,2,111,NULL,'97v-106r',NULL,NULL,NULL,NULL,NULL,1,'4',1,1,1,1,1),
(128,3,111,NULL,'fol. 401v-410r','P Dedomarto',NULL,NULL,NULL,NULL,1,'4',1,1,1,1,1),
(129,3,123,NULL,'fol. 11v-17r','P de Domarto',NULL,NULL,NULL,'Nicht mehr vollständig erhalten. Es fehlen vom Gloria CTA/B ab Qui tollis, das gesamte Credo und vom Sanctus D/T.',1,'4',1,1,0,1,1),
(131,3,124,NULL,'10','P de Domarto',NULL,NULL,NULL,NULL,1,'4',1,1,1,1,1),
(132,7,25,NULL,'fol. 50v-61r',NULL,NULL,NULL,NULL,'Anonyme Überlieferung',1,NULL,1,1,1,1,1),
(133,8,25,NULL,'fol. 124v-138r','Regis',NULL,NULL,NULL,NULL,1,NULL,1,1,1,1,1),
(134,9,123,NULL,'fol. 45r-46v',NULL,NULL,NULL,NULL,'Enthalten: Hosanna CTA/B, Agnus I & II, Agnus III D/T',1,NULL,0,0,0,1,1),
(135,9,125,NULL,'fol. 26v-42r',NULL,NULL,NULL,NULL,NULL,1,'4',1,1,1,1,1),
(136,10,107,NULL,'fol. 154v-172r',NULL,NULL,NULL,NULL,NULL,1,'4',1,1,1,1,1),
(137,10,108,NULL,'fol. 213v-227r','Busnois',NULL,NULL,NULL,NULL,1,'4',1,1,1,1,1),
(138,10,115,NULL,'fol. 101v-112r',NULL,NULL,NULL,NULL,NULL,1,'4',1,1,1,1,1),
(139,10,126,NULL,NULL,NULL,NULL,NULL,NULL,'Teile des Agnus Dei',1,NULL,0,0,0,0,1),
(140,12,102,NULL,'fol. 99v-113r','P Caron',NULL,NULL,NULL,NULL,1,'4',1,1,1,1,1),
(141,13,115,NULL,'fol. 112v-123r',NULL,NULL,NULL,NULL,'Fassung I',1,'3',1,1,1,1,1),
(142,13,124,NULL,'fol. 176v-192r','Faugues',NULL,NULL,NULL,'Fassung II',1,'3',1,1,1,1,1),
(143,14,108,NULL,'fol. 75v-87r','Ockeghem',NULL,NULL,NULL,NULL,1,'4',1,1,1,1,1),
(144,75,123,NULL,'fol. 47r/v',NULL,NULL,NULL,NULL,'Nur Sanctus/Pleni: CTA/B, Sanctus B, Hosanna/Benedictus/Hosanna D/T. Offenbar von CS51 und Br 5557 abweichende Fassung.',1,'3',0,0,0,1,0),
(145,75,25,NULL,'fol. 99v-109r','Ockegem',NULL,NULL,NULL,NULL,1,'4',1,1,1,1,1),
(146,76,110,NULL,'fol. 73v-82r','Vincenet',NULL,NULL,NULL,NULL,1,'4',1,1,1,1,1),
(147,101,6,NULL,'1, 2v-5r',NULL,NULL,'346',NULL,NULL,1,'4',0,0,1,0,0),
(148,102,6,NULL,'18, 176v-178r',NULL,NULL,'219',NULL,'Abweichendes Schriftbild, vgl. Caron, zahlreiche Änderungen',1,'4',0,1,0,0,0),
(149,103,6,NULL,'19, 178v-180r',NULL,NULL,'219',NULL,NULL,1,'4',0,0,1,0,0),
(150,104,6,NULL,'20, 180v-183r',NULL,NULL,'219',NULL,NULL,1,'4',0,0,1,0,0),
(151,105,6,NULL,'21, 183v-187r','V[???]',NULL,'346',NULL,'4 oder 5 Stimmen? 2 Tenores?',1,'5',0,0,1,0,0),
(152,106,6,NULL,'22, 187v-190r',NULL,NULL,'346',NULL,NULL,1,'4',0,0,1,0,0),
(153,107,6,NULL,'23, 190v-195r','Vaqueras',NULL,'346',NULL,NULL,1,NULL,0,0,1,0,0),
(154,79,110,NULL,'fol. 13v-24r',NULL,NULL,NULL,NULL,NULL,1,'4',1,1,1,1,1),
(155,81,114,NULL,'fol. 36v-43r(43v)',NULL,NULL,NULL,NULL,'Beginn des Agnus Dei, nur Discantus, auf 43v?',1,'4',1,1,1,1,0),
(156,84,114,NULL,'44r-53r',NULL,NULL,NULL,NULL,'Kyrie ohne Discantus und Tenor...',1,'4',1,1,1,1,1),
(157,84,102,NULL,'49v-61r',NULL,NULL,NULL,NULL,NULL,1,'4',1,1,1,1,1),
(158,85,115,NULL,'fol. 123v-132r',NULL,NULL,NULL,NULL,NULL,1,'4',1,1,0,1,1),
(160,86,NULL,1,'[Nr. 2]','Gaspar','O venus banth',NULL,NULL,NULL,1,'4',1,1,1,1,1),
(161,86,114,NULL,'fol. 63v-66r','anon.',NULL,NULL,NULL,'Gloria nicht vollständig',1,'4',1,1,0,0,0),
(162,86,124,NULL,'17','Gaspare Varbec / "Guaspar uuarbec"',NULL,NULL,NULL,NULL,1,'4',1,1,1,1,1),
(163,86,34,NULL,'fol. 23v-29r','Gaspar van Weerbeke/ anon',NULL,NULL,NULL,NULL,1,'4',1,1,1,1,1),
(164,86,107,NULL,'fol. 97v-119r',NULL,NULL,NULL,NULL,'Et incarnatus fehlt',1,'4',1,1,1,1,1),
(165,86,121,NULL,'fol. 120v-122v, 123v-130r','anon',NULL,NULL,NULL,NULL,1,'4',1,1,1,1,0),
(167,86,30,NULL,'fol. 262-272; fol. 442-423','anon',NULL,NULL,NULL,'422-23 "O lumen" (=Agnus Dei)',1,'4',0,0,1,1,1),
(168,86,119,NULL,'f.[68-76v]','Gaspar',NULL,NULL,NULL,'nur Discantus',1,'1',1,1,1,1,1),
(169,86,54,NULL,'fol. 165-166v','anon / "V.b."',NULL,NULL,NULL,'Vb, "Respice Virgo pura" (=Et incarnatus)',1,NULL,0,0,1,0,0),
(170,86,127,NULL,'fol. 147[145]v-148r',NULL,NULL,NULL,NULL,'Nur Benedictus, textlos',1,NULL,0,0,0,1,0),
(171,87,124,NULL,'1',NULL,NULL,NULL,'ohne Agnus II','Fassung II; sections of the Sanctus are copied Sanctus-Pleni/Osanna1-Benedictus-Osanna2',1,'4',1,1,1,1,1),
(172,87,114,NULL,'fol. 85v-95r',NULL,'Orsus orsus par desus (Incipit)',NULL,'Et incarnatus fehlt','Fassung I',1,'4',1,1,1,1,1),
(173,87,115,NULL,'fol. 89v-101r',NULL,'Orsus orsus (Incipit)',NULL,NULL,'Fassung I/II',1,'4',1,1,1,1,1),
(174,87,41,NULL,'fol. 220v-233r',NULL,NULL,NULL,'Agnus II fehlt','Fassung II; sections of Sanctus are copied Sanctus-Pleni-Benedictus-Osanna',1,'4',1,1,1,1,1),
(175,87,123,NULL,'fol. 48v',NULL,NULL,NULL,'Kyrie S&T; Et in terra C,T&B; Qui tollis S&T','Überliefert, den Lesarten nach zu urteilen, ein Fragment (Kyrie D/T) der Fassung II',1,NULL,1,0,0,0,0),
(177,103,56,NULL,'fol. 78v-80r',NULL,NULL,NULL,NULL,NULL,1,'4',0,0,1,0,0),
(178,103,115,NULL,'fol. 217v-220r',NULL,NULL,NULL,NULL,NULL,1,'4',0,0,1,0,0),
(179,103,NULL,3,'fol. 8, 26, 43, 62','De clibano','Patrem: De clibano. Uilayge',NULL,NULL,'fol. 8, 26, 43, 62',1,'4',0,0,1,0,0),
(180,103,129,NULL,'fol. 404v-408r',NULL,NULL,NULL,NULL,NULL,1,'4',0,0,1,0,0),
(181,104,115,NULL,'fol. 217v-220r',NULL,NULL,NULL,NULL,NULL,1,'4',0,0,1,0,0),
(182,104,NULL,3,'fol. 17, 33, 53, 71','Gaspar','Patrem: Gaspar',NULL,NULL,'fol. 17, 33, 53, 71',1,'4',0,0,1,0,0),
(183,108,2,NULL,'11, ff. 90v-95','Josquin Des Pres (Josquin)','(Patrem de rouges nes)',NULL,NULL,'Kompl. Text in allen St.',1,'4',0,0,1,0,0),
(184,113,2,NULL,'12, ff. 145v-150','anon.','(Patrem de village a quatre)',NULL,NULL,'Ohne Komponist, ohne Titel; Kompl. Text in allen St.',1,'4',0,0,1,0,0),
(185,47,3,NULL,'23, f. 184v-186',NULL,NULL,NULL,'Nur Sanctus',NULL,1,'4',0,0,0,1,0),
(186,40,3,NULL,'206v-208','de orto',NULL,NULL,'Credo zu No. 12','Credo zu Nr. 12',1,'3',0,0,1,0,0),
(187,109,3,NULL,'27, f. 200v-203','De orto',NULL,'347',NULL,NULL,1,'5',0,0,1,0,0),
(190,110,4,NULL,'15, 175v-180r','[anonym(Agricola)]','(Patrem Je ne vis onques)',NULL,NULL,NULL,1,'4',0,0,1,0,0),
(191,116,4,NULL,'16, 181v-184','(Ro. de fevin)','La belle se scit au pres dela toins (Patrem Labelle se siet)',NULL,NULL,'Wesentl. Text kompl. in S, teilsweise in A, T & B',1,'4',0,0,1,0,0),
(192,115,4,NULL,'17, 185v-187','Josquin des pres (Josquin)','(Patrem de tous biens plainne)',NULL,NULL,'Kompl. Text in S, A & B; incipits im T "Factorem celi et terre", "Et incarnatus est de spiritu sancto" & "Qui cum patre et filio"',1,'4',0,0,1,0,0),
(193,112,7,NULL,'12',NULL,NULL,NULL,NULL,NULL,1,'4',1,0,0,0,0),
(194,43,54,NULL,'LeipU 1494, f.204v-212',NULL,NULL,NULL,NULL,'Satzgenaue Konkordanzen unbekannt, vermutlich vollständig',1,'4',0,0,0,0,0),
(195,43,119,NULL,'UppsU 76e, f.[93v-102]','Gaspar',NULL,NULL,NULL,'unvollst.',1,NULL,0,0,0,0,0),
(199,43,NULL,1,'[Nr. 5]','Gaspar','Se mieulx ne vient',NULL,NULL,NULL,1,'4',1,1,1,1,1),
(200,45,42,NULL,'JenaU 31, f.163v-182',NULL,NULL,NULL,NULL,'vermutlich vollst.',1,NULL,0,0,0,0,0),
(201,45,23,NULL,'VienNB 1783, f.33v-48','"Jaspar"',NULL,NULL,NULL,'vermutlich vollst.',1,NULL,0,0,0,0,0),
(202,61,119,NULL,'UppsU 76e, f.[77v-85v]','Gaspar',NULL,NULL,NULL,'unvollst.',1,NULL,0,0,0,0,0),
(203,61,NULL,1,'[Nr. 3]','Gaspar','E trop penser',NULL,NULL,NULL,1,'4',1,1,1,1,1),
(204,20,23,NULL,'fol. 111v-126r','Agrico-La (la als Note geschrieben)',NULL,NULL,NULL,'vermutl. vollst.',1,NULL,0,0,0,0,0),
(205,20,39,NULL,'fol. 128v-141r','<anon.>',NULL,NULL,NULL,'vermutl. vollst.',1,NULL,0,0,0,0,0),
(206,20,NULL,5,'[Nr. 1]','Alexandri Agricole','Le seruiteur',NULL,NULL,NULL,1,'4',1,1,1,1,1),
(208,17,NULL,5,'[Nr. 2]','Alexandri Agricole','Je ne demande',NULL,NULL,NULL,1,'4',1,1,1,1,1),
(209,17,53,NULL,'fol. 38v-42r(Tenor) fol. 57v-62r(Bass)','Alexander Agricola',NULL,NULL,NULL,NULL,1,'2',0,0,0,0,0),
(210,27,90,NULL,'ff. 164v-168r',NULL,NULL,NULL,NULL,'Teil eine "composite mass", nur Sanctus und Agnus I',1,'4',0,0,0,1,1),
(211,27,55,NULL,'ff.123v-133r',NULL,NULL,NULL,NULL,'Nur Credo als Teil Missa BMV',1,'4',0,0,1,0,0),
(212,27,103,NULL,'ff. 164r-173v','Brumel','(ohne Titel)',NULL,NULL,'Nur Superius',1,'1',1,1,1,1,1),
(213,56,42,NULL,'ff.144v-163r','Ant. Brumel (spätere Hand)',NULL,'241',NULL,'Agnus III fehlt',1,'4',1,1,1,1,0),
(214,56,68,NULL,'ff. 1v-29r',NULL,'Victime','295',NULL,'Agnus II & III fehlen',1,'4',1,1,1,1,0),
(215,56,115,NULL,'ff.179v-193r',NULL,'Victime paschali laudes imolent xpiani (Missa de Victime paschali)','216',NULL,'vermutl. vollst.',1,'4',1,1,1,1,1),
(216,56,NULL,7,'[Nr.5]','Brumel','Uictime pascali',NULL,NULL,NULL,1,'4',1,1,1,1,1),
(217,73,28,NULL,NULL,NULL,'Brumel sup lome arme',NULL,NULL,'vermutl. vollst.',1,NULL,0,0,0,0,0),
(218,73,108,NULL,'ff.199v-212r','Brumel',NULL,NULL,NULL,'vermutl. vollst.',1,NULL,0,0,0,0,0),
(219,73,42,NULL,'ff.109r-125r','<anon>','<untitled>',NULL,NULL,'vermutl. vollst.',1,NULL,0,0,0,0,0),
(220,73,96,NULL,'ff.191v-203r','Antoine brumel',NULL,NULL,NULL,'vermutl. vollst.',1,NULL,0,0,0,0,0),
(221,73,115,NULL,NULL,NULL,'Lome lome (Missa de lomme arme)',NULL,NULL,'vermutl. vollst.',1,NULL,0,0,0,0,0),
(222,73,NULL,7,'[Nr.4]','Brumel','Lomme arme',NULL,NULL,NULL,1,'4',1,1,1,1,1),
(223,73,107,NULL,'Nr.10',NULL,NULL,NULL,NULL,NULL,1,NULL,0,0,0,0,0),
(224,37,45,NULL,'S.121-136','<anon>',NULL,NULL,NULL,NULL,1,'4',1,0,1,0,0),
(225,37,31,NULL,'Nr.21',NULL,NULL,NULL,NULL,'vermutl. vollst.',1,NULL,0,0,0,0,0),
(226,37,81,NULL,'Nr.6','<anon>',NULL,NULL,NULL,'vermutl. vollst.',1,NULL,0,0,0,0,0),
(227,37,44,NULL,'S.46-69',NULL,'Officium Leo mermer',NULL,NULL,'vermutl. vollst.',1,NULL,0,0,0,0,0),
(228,37,41,NULL,'59v-77',NULL,NULL,NULL,NULL,'vermutl. vollst.',1,NULL,0,0,0,0,0),
(229,37,108,NULL,'227v-240',NULL,NULL,NULL,NULL,'vermutl. vollst.',1,NULL,0,0,0,0,0),
(230,37,56,NULL,'264v-273','Josquin',NULL,NULL,NULL,'vermutl. vollst.',1,NULL,0,0,0,0,0),
(231,29,39,NULL,'ff.42v-54r','(Rue de (Note))','(Puer natus est)','237',NULL,NULL,1,'4',1,1,1,1,1),
(232,29,116,NULL,'ff.385v-389v','De la Rue','Puer natus De la Rue','420',NULL,'Nur Teile des Ky, Gloria und Credo',1,NULL,1,1,1,0,0),
(233,29,130,NULL,'ff.15r-24r','<anon>',NULL,'372',NULL,'Fragmente, Gloria und Teile der anderen Sätze',1,NULL,0,1,0,0,0),
(234,29,80,NULL,'ff.174v-187r','<anon>','Puer (Puer nobis XX/C 1111.1)','284',NULL,NULL,1,NULL,0,0,0,0,0),
(235,29,50,NULL,'ff.45r-58r','<anon>',NULL,'407',NULL,'Agnus II fehlt und Teile des Kyrie (ausgerissen)',1,NULL,1,1,1,1,1),
(236,29,59,NULL,'No.1, ff.1v-4v','Petri Platensis','Symphonia Puer natus PEtri Platensis Symphonistae doctissimi Es Mixolydio autem Dorium fecit','271',NULL,'Agnus II fehlt und Teile d. Sanctus',1,NULL,1,1,1,1,1),
(237,29,109,NULL,'ff.37v-55v','Rue','Missa de nativitate xpi Rue','262',NULL,'Agnus II fehlt (ausgerissen)',1,NULL,1,1,1,1,1),
(238,29,23,NULL,'ff.241v-252r','P de la Rue',NULL,'239',NULL,NULL,1,NULL,0,0,0,0,0),
(239,29,18,NULL,'ff.3v-4r(Ky), 9v-10r(Pleni), 10v-12r(Ag)','<anon>','<ohne>','214',NULL,'Nur Kyrie, Pleni und Agnus Dei',1,NULL,1,0,0,1,1),
(240,29,NULL,8,'[No. 2]','Petri de la rue','Puer natus','249',NULL,NULL,1,'4',1,1,1,1,1),
(241,55,39,NULL,'ff. 18v-29r','(Petrus de [note] Rue)','De beata virgine (de beata Virgine)','236',NULL,'vermutl. vollst.',1,'4',1,1,1,1,1),
(242,55,130,NULL,'fragmente 9-11 / f. 1r-2v',NULL,NULL,'370',NULL,'Bindung von MS B 948 IV Biblia Polyglotta, wiederverwendete und getrennte Blätter; große Teile von Disc & Ten des Credo auf zwei "versos"',1,'2',0,0,1,0,0),
(243,55,92,NULL,'ff. 23v-25r',NULL,'Patrem Cardinal','386',NULL,NULL,1,NULL,0,0,1,0,0),
(244,55,43,NULL,'ff.96v-116r','petri de Larue','Missa super coronatum petri de Larue','314',NULL,'vermutl. vollst, aber beschädigt',1,NULL,0,0,0,0,0),
(245,55,36,NULL,'ff.100v-103r','Petrus de Larue','Kyrie coronatum','420',NULL,NULL,1,NULL,1,0,0,0,0),
(246,55,97,NULL,'64-67',NULL,NULL,'383',NULL,NULL,1,NULL,0,0,1,0,0),
(247,55,109,NULL,'ff.19v-37r','Rue','Missa de domina Rue','263',NULL,'vermutl. vollst.',1,'4',1,1,1,1,1),
(248,55,23,NULL,'ff. 49v-60r',NULL,'Salve sancta parens Kyrieleison (Disc.Test)','240',NULL,'vermutl. vollst.',1,'4',1,1,1,1,1),
(249,55,NULL,8,'[No. 1]','Petri de la rue','De beata virgine',NULL,NULL,NULL,1,'4',1,1,1,1,1),
(250,26,81,NULL,'ff. 52v-68',NULL,'Missa',NULL,NULL,NULL,1,'4',1,1,1,1,1),
(251,67,NULL,9,'[no. 5]','henrici Jzac','Comme feme',NULL,NULL,NULL,1,'4',1,1,1,1,1),
(252,67,73,NULL,'fol. 24v-33r','Henricus yzaac','Comme femme desconfortee',NULL,'Agnus III ausgelassen, "Tertium super primum" gibt an, dass Ag I gesungen werden soll',NULL,1,'4',1,1,1,1,1),
(253,67,119,NULL,'[no. 5], fol. 44v-55','Henrici Izac','Henrici Izac ... Comme feme.',NULL,NULL,'nur Discantus',1,'1',1,1,1,1,1),
(254,67,106,NULL,'fol. 84v-85r',NULL,'[Incip] Gracias a vos donzella',NULL,NULL,'nur Benedictus',1,'4',0,0,0,1,0),
(255,67,131,NULL,'fol. 95v-96r',NULL,NULL,NULL,NULL,'nur Bendictus',1,'4',0,0,0,1,0),
(256,34,NULL,9,'[No. 3]','henrici Jzac','Quant yay au cor',NULL,NULL,NULL,1,'4',1,1,1,1,1),
(257,34,96,NULL,'fol. 144v-151','ysac','Missa de ysac (Tabula)',NULL,'Ky + Agnus ausgelassen',NULL,1,'4',0,1,1,1,0),
(258,34,34,NULL,'fol. 103-112',NULL,'Ut re ut sol fa mi ut re ut',NULL,NULL,'Referenz auf Osanna II fehlt als Musik zu Agnus II; "Et incarnatus" als Crucifixus" textiert',1,'4',1,1,1,1,1),
(259,34,121,NULL,'fol. 49-57','ysaac','Officium ysaac',NULL,'Benedictus','Referenz auf Osanna II fehlt als Musik des gesamten Agnus;',1,'4',1,1,1,1,0),
(260,34,42,NULL,'fol. 36-50',NULL,NULL,NULL,NULL,'Referenz auf Osanna II wie auch Musik zu Agnus II fehlen',1,'4',1,1,1,1,1),
(261,34,119,NULL,'Nr. 3','Henrici Izac','Henrici Izac ... Quant yay au cor',NULL,NULL,'auch hier nur Discantus???',1,NULL,1,1,1,1,1),
(262,34,21,NULL,'fol. 42v-51',NULL,NULL,NULL,'Agnus fehlt ganz','Referenz auf Osanna II fehlt als Musik des gesamten Agnus; "Patrem" ist mit "et homo factus est" textiert; "Et incarnatus" mit "Crucifixus" unterlegt',1,'4',1,1,1,1,0),
(263,34,132,NULL,'fol. 45v-54','ysaac',NULL,NULL,NULL,'Referenz auf Osanna II fehlt, Benedictus hat zusätzliche 4. Stimme',1,'4',1,1,1,1,1),
(264,34,121,NULL,'fol. 153',NULL,NULL,NULL,'Et incarnatus','Untextierte Kopie des "Et incarnatus" auf fol. 153',1,'4',0,0,1,0,0),
(265,34,127,NULL,'fol. 9v-10','Henricus yzac',NULL,NULL,'Benedictus 3st.','ohne Text',1,'3',0,0,0,1,0),
(266,34,133,NULL,'fol. 20v',NULL,'Benedictus',NULL,'Benedictus 3st.','nur Benedictus',1,'3',0,0,0,1,0),
(267,34,89,NULL,'No. 9',NULL,NULL,NULL,'Benedictus 3st.','nur Benedictus (3ts.), nur Bass',1,'1',0,0,0,1,0),
(268,34,84,NULL,'fol. 3v-4',NULL,'B [Initiale]',NULL,'Benedictus 3st.','nur Benedictus',1,'3',0,0,0,1,0),
(269,34,82,NULL,'fol. 77v-78','Isach','Absque verbis ... Isach',NULL,'Benedictus 3st.','nur Benedictus',1,'3',0,0,0,1,0),
(270,34,134,NULL,'Nr. 190',NULL,'Benedictus',NULL,'Benedictus 3st.','nur Benedictus',1,'3',0,0,0,1,0),
(271,34,106,NULL,'fol. 57v-58','ysach','Benedictus',NULL,'Benedictus 3st.','nur Benedictus',1,'3',0,0,0,1,0),
(272,34,143,NULL,'fol. 35','Jsach','Benedictus',NULL,'Benedictus 3st.','nur Benedictus',1,'3',0,0,0,1,0),
(273,34,122,NULL,'f. 22v/-/20-20v/21-21v',NULL,'Benedictus',NULL,'Benedictus 3st.','nur Benedictus',1,'3',0,0,0,1,0),
(274,34,131,NULL,'fol. 88v-89',NULL,'Benedictus',NULL,'Benedictus 3st.','nur Benedictus',1,'3',0,0,0,1,0),
(275,34,72,NULL,'No. 9','Jsaac',NULL,NULL,'Benedictus 3st.','ohne Text',1,'3',0,0,0,1,0),
(276,34,NULL,82,'fol. 82v-83','Yzac (Index)','Benedictus',NULL,'Benedictus, 3st.',NULL,1,'3',0,0,0,1,0),
(277,34,NULL,11,'Nr. 46','Isaac','Benedictus',NULL,'Benedictus, 3st.',NULL,1,'3',0,0,0,1,0),
(278,34,NULL,12,'(No. 30)','H. Isac [handschriftl. in Jena]','Benedictus ... H. Isac [handschriftl in Jena]',NULL,'Benedictus, 3st.',NULL,1,'3',0,0,0,1,0),
(279,34,135,NULL,'fol. (43)',NULL,NULL,NULL,'Benedictus, nur Anfang des T','nur Benedictus, 4st. Version (Alt), nur die ersten 15 Noten des Tenors sind erhalten',1,'1',0,0,0,1,0),
(280,34,136,NULL,'fol. 63v-64',NULL,'Absque verbis',NULL,'Benedictus, 4st.','nur Benedictus, mit vierter Stimme (Alt)',1,'4',0,0,0,1,0),
(281,34,137,NULL,'fol. 17v-18','Isach','Isachina Benedictus',NULL,'Benedictus, 4st.','nur Benedictus, mit vierter Stimme (Alt)',1,'4',0,0,0,1,0),
(282,34,138,NULL,'fol. 7v-8',NULL,'plytzgen',NULL,'Benedictus, 4st.','nur Benedictus, mit vierter Stimme (Alt)',1,'4',0,0,0,1,0),
(283,34,112,NULL,'fol. 29v-30',NULL,NULL,NULL,'Benedictus, 4st.','nur Benedictus, mit vierter Stimme (Alt)',1,'4',0,0,0,1,0),
(284,34,139,NULL,'fol. 30v-32r','Isaac','BENEDICTUS. ISAAC',NULL,'Benedictus 3st.','nur Benedictus, Arrangement für Tasteninstr.',1,NULL,0,0,0,1,0),
(286,34,142,NULL,'fol. 19v-20',NULL,'Benedictus III',NULL,'Benedictus 3st.','nur Benedictus, Arrangement für Laute',1,NULL,0,0,0,1,0),
(287,34,140,NULL,'fol 136v-137 (Ten) & 150 (Bass)',NULL,'Benedictus',NULL,'Benedictus 3st., nur Unterstimmen','nur Benedictus, Arrangement für Laute, transponiert für Viola',1,'2',0,0,0,1,0),
(288,34,141,NULL,'fol. 86v-87',NULL,'Benedictus',NULL,'Benedictus 3st., nur Unterstimmen','nur Benedictus, Arrangement für Laute (nur Ten & Bass-Stimmen)',1,'2',0,0,0,1,0),
(289,34,NULL,13,'fol. A4-(A5)','Jsach','Benedictus de Jsach',NULL,'Benedictus, 3st.','Arrangement für Laute',1,NULL,0,0,0,1,0),
(290,34,NULL,14,'fol. piij-piiij´',NULL,'Benedictus',NULL,'Benedictus, 3st.','Arrangement für Laute',1,NULL,0,0,0,1,0),
(291,34,NULL,15,'p. 46-49 (D) / 39-42 (T)',NULL,'Benedictus','321','Benedictus, 3st.','Arrangement für 2 Lauten',1,NULL,0,0,0,1,0),
(293,68,42,NULL,'fol. 78r-87r',NULL,NULL,NULL,NULL,NULL,1,'4',1,1,1,1,1),
(294,68,39,NULL,'fol. 84v-86r',NULL,NULL,NULL,NULL,NULL,1,'4',0,0,1,0,0),
(295,68,113,NULL,'fol. 55v-59r',NULL,NULL,NULL,NULL,NULL,1,'4',0,0,1,0,0),
(296,68,23,NULL,'fol. 191v-193r','Yzaac',NULL,NULL,NULL,NULL,1,'4',0,0,1,0,0),
(298,90,73,NULL,'fol. 11v-24r','[ohne]','[ohne]',NULL,'Kyrie; Gloria: 3 partes; Credo: 5 partes (Qui cum patre: 2 voces); Sanctus (including Pleni: 3 voces; Osanna I; Benedictus: 2 voces; Osanna II); Agnus I; Agnus II: 3 voces; Agnus III.',NULL,1,NULL,1,1,1,1,1),
(300,42,30,NULL,' no. 18 f. 89-109 (Diamm)',NULL,NULL,NULL,NULL,'keine näheren Angaben',1,NULL,0,0,0,0,0),
(301,42,144,NULL,NULL,NULL,NULL,NULL,NULL,'NGroveOnline & Diamm',1,NULL,0,0,0,0,0),
(303,42,NULL,17,'[no. 2]','Philippus Basiron','Messa de franza',NULL,NULL,'NGroveOnline, keine näheren Angaben',1,'4',1,1,1,1,1),
(304,28,81,NULL,'ff. 1r-12r','anon.','Messe de grant pitié en la procession Y ch',NULL,NULL,'abweichende Lesart, 84 Mensuren aus CS23 fehlen, massive Eingriffe',1,'4',1,1,1,1,1),
(305,16,115,NULL,'ff. 146v-163r','anonymous','Missa de Angelis',NULL,NULL,NULL,1,'4',1,1,1,1,1),
(306,16,17,NULL,'ff. 83v-98r','Johannes prioris','Missa de angelis',NULL,NULL,NULL,1,'4',1,1,1,1,1),
(307,16,21,NULL,'ff. 101v-110v','Johannes Prioris','Missa de Angelis',NULL,NULL,NULL,1,'4',1,1,1,1,1),
(308,16,145,NULL,'ff. 80v-84r, 88v-90r','anonymous','[ohne]',NULL,'Ky, Gl, Sa',NULL,1,'4',1,1,0,1,0),
(312,49,81,NULL,'fol. 125v-137r','Pipelare','keine Angabe',NULL,'keine Angabe',NULL,1,NULL,0,0,0,0,0),
(313,49,39,NULL,'fol. 116v-128r','Pepelare','keine Angabe',NULL,'keine Angabe',NULL,1,NULL,0,0,0,0,0),
(314,49,107,NULL,'fol. 1v-14r','Anon.','keine Angabe',NULL,'keine Angabe','zu zerstört für Konsultation',1,NULL,0,0,0,0,0),
(315,49,NULL,19,'pp. 18-70','Pipplare','keine Angabe',NULL,'keine Angabe',NULL,1,NULL,0,0,0,0,0),
(316,49,NULL,18,'No. IX','keine Angabe','keine Angabe',NULL,'keine Angabe',NULL,1,NULL,0,0,0,0,0),
(317,38,41,NULL,'fol. 179v-199r','[ohne]','[ohne]',NULL,'[keine Angabe]',NULL,1,NULL,0,0,0,0,0),
(318,47,45,NULL,'pp. 25-45','[ohne]','[Missa] plurimorum carminum',NULL,'Fehlt: mm. 255-277 d. Sanctus; Text "Agnus die … nobis" unter Benedictus',NULL,1,NULL,1,1,1,1,1),
(320,47,96,NULL,'fol. 136v-143r','Obret','[ohne]/ Index: Missa diversorum tenorum de Obret',NULL,'Fehlt: Kyrie & mm.201-277 v. Sanctus',NULL,1,NULL,0,1,1,1,1),
(321,47,146,NULL,'fol. 16r-17r','[ohne]','[ohne]',NULL,'Nur Teile v. Credo & Sanctus','Genaue Aufstellung in NOE',1,NULL,0,0,1,1,0),
(322,90,54,NULL,'fol. 76v-83r','[ohne]','[Missa] Salue diua parens',NULL,'Fehlt: Sanctus & Agnus',NULL,1,NULL,1,1,1,0,0),
(323,90,146,NULL,'fol. [3r]-[3v]','[ohne]','[ohne]',NULL,'Fragmente v. Pleni, Osanna I, Benedictus & Osanna II',NULL,1,NULL,0,0,0,1,0),
(324,90,85,NULL,'fol. 42r','[ohne]','Ane cheiss of tua partis (= Qui cum patre)',NULL,'nur Qui cum patre…',NULL,1,NULL,0,0,1,0,0),
(325,90,115,NULL,'fol. 7v-27r','[ohne]','Index: Missa de Mi mi alias Salue diua parens',NULL,'Fehlt: Qui cum patre',NULL,1,NULL,1,1,1,1,1),
(326,90,15,NULL,'No.13','[ohne]','[ohne]',NULL,'ohne Text, nur Qui cum patre',NULL,1,NULL,0,0,1,0,0),
(327,90,16,NULL,'fol. 1v-18r','[ohne]','[Missa] Salue diua parens (unter Tenor des Kyrie)',NULL,'Fehlen: Qui cum patre & Agnus Die III',NULL,1,NULL,1,1,1,1,1),
(328,90,NULL,20,'No. 5','obreht','Salue diua parens (Deckblatt und Altus, Tenor & Bass); Ia. Obreht. Super salue diua parens (Superius)',NULL,'vollst.',NULL,1,'4',1,1,1,1,1),
(329,90,NULL,12,'No. 87','[ohne]','[ohne]',NULL,'[= Pleni sunt]',NULL,1,NULL,0,0,0,0,0),
(330,90,NULL,6,'p. 33','Iac. Obrecht','Fuga duorum in eadem claue.',NULL,'[= Qui cum patre]',NULL,1,NULL,0,0,1,0,0),
(331,90,NULL,22,'p. 36 (verzählt 39)','Iacobi Obrecht','Fuga duorum in unisono',NULL,'[= Qui cum patre]',NULL,1,NULL,0,0,1,0,0),
(332,90,NULL,49,'No. 106','Obrecht.','In vnisono post sesqui tempus.',NULL,'[= Qui cum patre]',NULL,1,NULL,0,0,1,0,0),
(333,90,NULL,27,'p. 257','Iacobi Hobrechthi','Monados in Aeolio primum exeplum Iacobi Hobrechthi',NULL,'[= Qui cum patre]',NULL,1,NULL,0,0,1,0,0),
(334,90,NULL,63,'No. VI','Iacobi Hobrechti','Fuga in vnisono',NULL,'[= Qui cum patre]',NULL,1,NULL,0,0,1,0,0),
(335,90,NULL,63,'fol. 4v','Iacobi Hobrechti','Fuga in vnisono',NULL,'[= Qui cum patre]',NULL,1,NULL,0,0,1,0,0),
(336,58,108,NULL,'fol. 3v-18r','Ockeghem','My my (bei Tenor)',NULL,'[keine Angabe]',NULL,1,NULL,0,0,0,0,0),
(338,57,108,NULL,'fol. 89v-96r','J. Ockeghem','Au trauel suy',NULL,'[keine Angabe]',NULL,1,NULL,0,0,0,0,0),
(339,44,108,NULL,'fol. 35v-45r','[ohne]','Missa Lomme arme',NULL,'[keine Angabe]',NULL,1,NULL,0,0,0,0,0),
(340,32,108,NULL,'fol. 96v-106r','J. Ockeghem','Missa Cuiusuis tonis',NULL,'[keine Angabe]',NULL,1,NULL,0,0,0,0,0),
(341,32,NULL,27,'p. 455','Okenheim',NULL,NULL,'Kyrie I & Benedictus',NULL,1,NULL,1,0,0,1,0),
(342,32,NULL,28,'pp. 64-68','Okhenhemius','Exemplum sine titulo',NULL,'Kyrie I',NULL,1,NULL,1,0,0,0,0),
(343,32,NULL,29,'pp. 59-60 / 61-77','Joh. Ogkekhem','Missa Cuiusvis tonis',NULL,'Kyrie I, Christe & Osanna in Stimmen, ganze Messe in Partitur',NULL,0,NULL,1,1,1,1,1),
(344,32,NULL,30,'[keine Angabe]','Ogkegkhem','Missa Cuiusvis tonis',NULL,'[keine Angabe]',NULL,1,NULL,0,0,0,0,0),
(345,32,31,NULL,'No. 8, fol. 53v-58v(Altus), fol. 45v-49v(Bassus)','Okeghem (A) Ochekem (B)','Omnium tonorum',NULL,'nur Altus & Bassus Stimmbuch',NULL,1,'2',0,0,0,0,0),
(346,18,29,NULL,'ff. 9-17(S) 10-16(A) 4-10(T) 9-16(B)','Josquin','[Missa] Gaudeamus',NULL,NULL,'Kompl. Text in Gloria und ersten zwei Sektionen des Credo',1,'4',1,1,1,1,1),
(347,18,81,NULL,'ff. 82v-97','anon.','[Missa] Gaudeamus',NULL,NULL,'Wesentlicher Text in allen Stimmen',1,'4',1,1,1,1,1),
(348,18,41,NULL,'ff. 200v-219','anon.','[ohne Titel]',NULL,'Agnus II fehlt','Kompl. Text in allen Stimmen außer 1. Sektion Sanctus und Agnus III',1,'4',1,1,1,1,1),
(349,18,63,NULL,'ff. 71-72(S)','anon.',NULL,NULL,'Agnus II','Kompl. Text',1,NULL,0,0,0,0,1),
(350,18,65,NULL,'ff. 103v-139','Iosquini','Missa … musici excellentiss[imi]: super Gaudeamus',NULL,NULL,'Wesentlicher Text in allen Stimmen',1,'4',1,1,1,1,1),
(351,18,19,NULL,'ff. 41v-62','Ockeghem','Missa Gaudeamus',NULL,'Agnus II fehlt','Kompl. Text in allen Stimmen',1,'4',1,1,1,1,1),
(352,18,15,NULL,'ff. 10v/10v-11','anon.',NULL,NULL,'Agnus II','textlos',1,'2',0,0,0,0,1),
(353,18,15,NULL,'f. 11v/11v','anon.',NULL,NULL,'In nomine','textlos',1,'2',0,0,1,0,0),
(354,18,15,NULL,'f. 12/12','anon.',NULL,NULL,'Benedictus mm. 87-103','textlos',1,'2',0,0,0,1,0),
(355,18,NULL,42,'no. [3]','Josquin','[Missa] super Gaudeamus',NULL,NULL,'Kompl Text in allen Stimmen, außer in Kyrie, Sanctus & Agnus Dei',1,'4',1,1,1,1,1),
(356,18,NULL,41,'no. [3]','Josquin','sup[er] gaudeamus',NULL,NULL,'Kompl Text in allen Stimmen, außer in Kyrie, Sanctus & Agnus Dei',1,'4',1,1,1,1,1),
(357,18,NULL,39,'no. [3]','Josquin','Gaudeamus',NULL,NULL,'Kompl Text in allen Stimmen, außer in Kyrie, Sanctus & Agnus Dei',1,'4',1,1,1,1,1),
(358,18,NULL,30,'no. III','Iosquin','[Missa] Gaudeamus',NULL,NULL,'Kompl. Text in allen Stimmen',1,'4',1,1,1,1,1),
(359,18,NULL,27,'p. 220','Iodoci Pratensis',NULL,NULL,'Benedictus','textlos',1,'4',0,0,0,1,0),
(360,18,NULL,6,'p. 75','anon.',NULL,NULL,'Benedictus mm. 87-103','textlos',1,'4',0,0,0,1,0),
(361,18,NULL,22,'pp. 89','anon.',NULL,NULL,'Benedictus mm. 87-103','textlos',1,'4',0,0,0,1,0),
(362,18,NULL,51,'ff. 57-63','Iusquin',NULL,NULL,'Osanna, Benedictus, Agnus II & III fehlen',NULL,1,NULL,1,1,1,1,1),
(363,18,NULL,52,'ff. 11-11v','Obrecht [=Josquin]','Pleni sunt (=In nomine)',NULL,NULL,NULL,1,NULL,0,0,1,0,0),
(364,18,NULL,52,'f. 11v','Josquin','Benedictus',NULL,NULL,NULL,1,NULL,0,0,0,1,0),
(365,18,NULL,53,'f. 84','Iosquin',NULL,NULL,'Agnus III',NULL,1,NULL,0,0,0,0,1),
(366,19,93,NULL,'ff. 139v-148','Josquin','[ohne Titel]',NULL,'kompl. Kyrie, Gloria & Credo, aber nur die 1. Teile von Sanctus & Agnus','Nahezu kompl. Text in allen St.',1,'4',1,1,1,1,1),
(367,19,24,NULL,'ff. 82v-95','Josquin','[Missa] maleurmebat',NULL,'Agnus II fehlt','Wesentlich kompletter Text in allen Stimmen',1,'4',1,1,1,1,1),
(368,19,26,NULL,'ff. 6v-13 /3v-8','Josquin','[Missa] Malormebat',NULL,'Nur A & T, Agnus II fehlt','Nahezu kompl. Text in beiden St.',1,'2',1,1,1,1,1),
(369,19,40,NULL,'ff. 59v-73','Josquin des pres','[Missa] malheur me bat',NULL,'Agnus II & III fehlen','Kompl. Text in allen Stimmen',1,'4',1,1,1,1,1),
(370,19,85,NULL,'ff. 41v-42','anon.','Per totium es elevatur tonus',NULL,'Agnus II','textlos',1,'4',0,0,0,0,1),
(371,19,53,NULL,'ff. 1-6','Josquin','[Missa] Malhuer me bat',NULL,'nur T & B , Agnus II & III fehlen','Wesentlich kompletter Text in beiden Stimmen',1,'2',1,1,1,1,1),
(372,19,94,NULL,'ff. 22v-32','Josquin','[Missa] malheur me bat',NULL,'Agnus II & III fehlen','Kompl. Text in allen Stimmen',1,'4',1,1,1,1,1),
(373,19,97,NULL,'ff. 88-91','anon.','[Missa] Malheur me bat (in junger Hand, moderne Foliierung)',NULL,'Ky & Gl','Wesentlich kompletter Text in allen Stimmen',1,'4',1,1,0,0,0),
(374,19,97,NULL,'ff. 74v-75','Josquin (in moderner Hand)','Agnus die malor me bat (orig. Hand)',NULL,'Agnus I','Wesentlich kompletter Text in allen Stimmen',1,NULL,0,0,0,0,1),
(375,19,156,NULL,'ff. 37v-38','anon.','Malheur me bat',NULL,'Agnus II','Incipit in allen Stimmen',1,'4',0,0,0,0,1),
(376,19,63,NULL,'ff. 73v-74 / 68v-69v','Josquin',NULL,NULL,'Pleni sunt','Kompl. Text in jeder Stimme',1,'4',0,0,0,1,0),
(377,19,61,NULL,'no. 5','Josquin','"[Missa] super Que est ista"',NULL,'Sanctus & Agnus fehlen','Kompl. Text in allen Stimmen',1,'4',1,1,1,0,0),
(378,19,78,NULL,'ff. 61v-75','Jusquin','[Missa] Mal heur me bat',NULL,NULL,'Kompl. Text in allen Stimmen',1,'4',1,1,1,1,1),
(379,19,22,NULL,'ff. 66v-89v','Josquin','Missa Mahuer me bat',NULL,NULL,'Wesentl. Kompl. Text in allen St., außer textloses Et in spiritum',1,'4',1,1,1,1,1),
(380,19,21,NULL,'ff. 2-11','Josquin','[Missa] Malheur me bat',NULL,'Agnus II & III fehlen','Wesentlich kompletter Text in allen Stimmen',1,'4',1,1,1,1,1),
(381,19,15,NULL,'ff. 82-82 / 81v-82','anon.',NULL,NULL,'Agnus II','textlos',1,'4',0,0,0,0,1),
(382,19,NULL,43,'no. [3]','Josquin','[Missa] Mal heur me bat',NULL,NULL,'Kompl. Text in allen Stimmen',1,'4',1,1,1,1,1),
(383,19,NULL,27,'pp. 451-452','anon.','Phrygij phrasis ac systema superne semitonio inferne tono adiectus, linic licentia quaesitus',NULL,'Agnus II','textlos',1,'2',0,0,0,0,1),
(384,19,NULL,6,'pp. 78-79','Iosquin','Fuga duorum',NULL,'Agnus II','textlos',1,'2',0,0,0,0,1),
(385,19,NULL,22,'pp. 92-93','Iosquin','Fuga duorum',NULL,'Agnus II','textlos',1,'2',0,0,0,0,1),
(386,19,NULL,61,'no. XVI [16]','Iosquin',NULL,NULL,'Pleni sunt','Voller Text "Quid tam sollicitis…" in beiden Stimmen',1,'2',0,0,0,1,0),
(387,19,NULL,40,'no. [3]','Josquin','Malheur me bat',NULL,NULL,'Kompl. Text in allen Stimmen',1,'4',1,1,1,1,1),
(388,19,NULL,35,'no. [3]','Josquin','Mal heur me bat',NULL,NULL,'Kompl. Text in allen Stimmen',1,'4',1,1,1,1,1),
(390,19,NULL,62,'f. C4v (no. 31)','anon.','Fuga, in ditono infirma chorda',NULL,'Agnus II','textlos',1,'2',0,0,0,0,1),
(391,19,NULL,63,'f. C4v (no. 31)','anon.','Fuga, in ditono infirma chorda',NULL,'Agnus II','textlos',1,'2',0,0,0,0,1),
(392,21,34,NULL,'f. 68v','anon.',NULL,NULL,'Amen d. Credo, S & A',NULL,1,'2',0,0,1,0,0),
(393,21,153,NULL,'no. 28 [ff. 301v-306]','anon.',NULL,NULL,'Credo','kompletter Text in allen Stimmen',1,'4',0,0,1,0,0),
(394,21,30,NULL,'pp. 256-261','Tinctoris (Index)',NULL,NULL,'Credo','kompletter Text in S und beiden Duos, Rest partiell textiert',1,'4',0,0,1,0,0),
(395,21,54,NULL,'f. 168; ff. 230v-231','anon.',NULL,NULL,'Amen tertium (Credo) / Jam miseras rex (= Et resurrexit)','textloses resp.; kompletter Text der Contrafactur in SAT',1,'4',0,0,1,0,0),
(396,21,120,NULL,'ff. II 5-6v','anon.',NULL,NULL,'Frag. V. Cr, Sa & Ag','nur Textmarken',1,'4',0,0,1,1,1),
(397,21,63,NULL,'f. 75 Prima (Bassus); ff. 69-70 Secunda (Altus)','Josquin',NULL,NULL,'Qui tollis des Gloria','kompletter Text in allen Stimmen',1,'4',0,1,0,0,0),
(398,21,144,NULL,'ff. 212-214','anon.',NULL,NULL,'Gloria','Kompl. Text in S, fast kompl. in anderen Stimmen',1,'4',0,1,0,0,0),
(399,21,115,NULL,'ff. 62v-73','anon.',NULL,NULL,NULL,'kompletter Text in allen Stimmen',1,'4',1,1,1,1,1),
(400,21,19,NULL,'ff. 108v-125 (112v blank)','anon.','Missa Lamy baudechon',NULL,NULL,'Kompl. Text in SA, TB fast komplett',1,'4',1,1,1,1,1),
(401,21,71,NULL,'ff. 130v-133','anon.',NULL,NULL,'Ky, Gl und Cr ohne Et resurrexit','Textmarken',1,NULL,1,1,1,0,0),
(402,21,NULL,43,'no. [4]','Josquin','[Missa] L´ami Baudichon',NULL,NULL,'Kompl. Text in S, andere teilweise',1,'4',1,1,1,1,1),
(403,21,NULL,61,'no. XLIII (63)','I. Obrecht',NULL,NULL,'Nur Et incarnatus','Kompl. Text in vorhandenen Stimmen',1,'4',0,0,1,0,0),
(404,21,NULL,40,'no. [4]','Josquin','Lami Baudichon',NULL,NULL,'Kompl. Text in S, andere teilweise',1,'4',1,1,1,1,1),
(405,21,NULL,35,'no. [4]','Josquin','Lami Baudichon',NULL,NULL,'Kompl. Text in S, andere teilweise',1,'4',1,1,1,1,1),
(407,23,35,NULL,'no. [8]','Josquin','Ex missa faisant regretz',NULL,'Ky & Cr 1-19 in Patitiur','Nur Incipits',1,'4',1,1,0,0,0),
(408,23,40,NULL,'ff. 1v-14','Josquin des pres','[Missa] Elizabeth',NULL,NULL,'Kompl. Text in allen Stimmen',1,'4',1,1,1,1,1),
(409,23,58,NULL,'ff. 21v-41','anon.','[ohne Titel]',NULL,NULL,'Kompl. Text in allen Stimmen',1,'4',1,1,1,1,1),
(410,23,78,NULL,'ff. lxxxiij´-ciij [83v-103]','Jusquini','Missa. Faysans regret',NULL,NULL,'Kompl. Text in allen Stimmen',1,'4',1,1,1,1,1),
(411,23,104,NULL,'ff. 48-52 / 48v-54','anon.','Missa faisant regres',NULL,'nur T & B','kompl. Text in beiden Stimmen',1,'2',1,1,1,1,1),
(412,23,22,NULL,'ff. 90v-108','anon.','Missa Faysant Regretz',NULL,NULL,'Kompl. Text in allen Stimmen',1,'4',1,1,1,1,1),
(413,23,16,NULL,'ff. 33v-47','Josquin des pretz','[Missa] FAisant  Regretz',NULL,NULL,'Kompl. Text in allen Stimmen',1,'4',1,1,1,1,1),
(414,23,NULL,19,'ff. CIIII´-CXIII [54v-64]','Josquin','Missa faisant regrets',NULL,NULL,'Kompl. Text in allen Stimmen',1,'4',1,1,1,1,1),
(415,23,NULL,18,'no. [6]','Josquin','[Missa] faisant regretz',NULL,NULL,'Kompl. Text in allen Stimmen',1,'4',1,1,1,1,1),
(416,23,NULL,44,'no. [2]','Josquin','[Missa] Faysans regres',NULL,NULL,'Kompl. Text in allen Stimmen',1,'4',1,1,1,1,1),
(417,23,NULL,33,'no. [2]','Josquin','Faysans regres',NULL,NULL,'Kompl. Text in allen Stimmen',1,'4',1,1,1,1,1),
(418,23,NULL,57,'ff. xcj´-xcii [41v-42]','Iosquin','Primera parte de la gloria de la missa Faysant fregres de Iosquin a quatro',NULL,'[1. Teil Gloria]','Kompl. Text unter Tabulatur',1,'4',0,1,0,0,0),
(419,23,NULL,57,'ff. xcii-xcii´ [42-42v]','Iosquin','Primero kyrie de la missa de Faisan regres de Iosquin',NULL,'[1. T. Kyrie]','Kompl. Text unter Tabulatur',1,NULL,1,0,0,0,0),
(420,23,NULL,57,'f. xcii´ [42v]','Iosquin','Postero kyrie de la missa de Faysan regres de Iosquin',NULL,'[3. T. Kyrie]','Kompl. Text unter Tabulatur',1,NULL,1,0,0,0,0),
(421,23,NULL,58,'ff. X´-XII [10v-12]','Iosquin','La segunda parte de la gloria de la misa de faysan regres de Iosquin',NULL,'[2. T. Gloria]','textlos',1,NULL,0,1,0,0,0),
(422,23,NULL,58,'ff. XII-XIII [12-13]','Iosquin','Pleni de la missa de faysan regres de Iosqin',NULL,'[Pleni]','textlos',1,NULL,0,0,0,1,0),
(423,23,NULL,59,'ff. xxx.vj-xxx.vij [36-37]','josquin','Sanctus de josquin de la misa de faissan regres',NULL,'[Sanctus]','Kompl. Text unter Tabulatur',1,NULL,0,0,0,1,0),
(424,23,NULL,59,'ff. xxx.vij-xxxviij [37-38]','[josquin]','Ossanna de la misma missa',NULL,'[Osanna derselben Messe]','Kompl. Text unter Tabulatur',1,NULL,0,0,0,1,0),
(425,23,NULL,51,'ff. xxxvi-xli [36-41]','Iusquin','Otra missa de Iusquin que va sobra fa. re. mi. re.',NULL,'Agnus II & III fehlen','Kompl. Text unter Tabulatur',1,NULL,1,1,1,1,1),
(426,23,NULL,53,'ff. LXXXV´-LXXXVI [85v-86]','Iosquin','Iosquin, faysan regres. ¶ Et incarnatus est; Esta es ostra parte des credo de la dicha missa',NULL,'Et incarnatus & Credo 20-46','textlos',1,NULL,0,0,1,0,0),
(427,51,32,NULL,'ff. 138v-157','Josquin des pres','[ohne Titel]',NULL,NULL,'Wesentl. Kompl. Text in allen St.',1,'4',1,1,1,1,1),
(428,51,93,NULL,'ff. 7v-14','anon.','[ohne Titel]',NULL,'Ky, Gl & Cr komplett, 1. Teil Sa, Ag I','Nahezu kompl. Text in allen St. Außer T',1,'4',1,1,1,1,1),
(429,51,41,NULL,'ff. 21v-39','anon.','[ohne Titel]',NULL,NULL,'Kompl. Text in allem St., außer in Agnus II',1,'4',1,1,1,1,1),
(430,51,94,NULL,'ff. 82v-88','Josquin','[Missa] La sol fa re mi',NULL,'Ky, Gl, Cr; A & T des 1. Teil Sa','Kompl. Text in allen St. Außer T',1,'4',1,1,1,1,0),
(431,51,83,NULL,'pp. 376-383','Josquin de Pres','Seguita la Messa de la.sol.fa.re.mi. dell´ detto Josquin des Pres',NULL,NULL,'Parzieller Text nur in S',1,'4',1,1,1,1,1),
(432,51,63,NULL,'ff. 86v-87','Josquin','Agnus [II]',NULL,NULL,'kompl. Text in beiden Stimmen',1,'2',0,0,0,0,1),
(433,51,64,NULL,'ff. 95v-118','Josquin','Missa La sol fa re mi resoluta J[ohannes] B[uechmaier]',NULL,NULL,'Nahezu kompl. Text in allen Stimmen',1,'4',1,1,1,1,1),
(434,51,68,NULL,'ff. 129v-157','Josquin','Missa La sol fa re mi',NULL,'fehlt: A&B d. Osanna II, mm. 151-162; Ag I, mm. 16-28 und ges. Ag II','Text in den meisten Teilen in allen St. Komplett',1,'4',1,1,1,1,1),
(435,51,74,NULL,'ff. 71v-92','Josquin','Missa La sol fa re mi',NULL,NULL,'Nahezu kompl. In allen St. Außer T',1,'4',1,1,1,1,1),
(436,51,107,NULL,'ff. 62v-77','anon.','[ohne Titel]',NULL,NULL,'Nahezu kompl. Text in allen Stimmen',1,'4',1,1,1,1,1),
(437,51,19,NULL,'ff. 83v-107','Josquin','Missa La sol ma re mj',NULL,NULL,'Kompl. Text in allen St. Außer T',1,'4',1,1,1,1,1),
(438,51,21,NULL,'ff. 194v-195','anon.','[ohne Titel]',NULL,'Ky & Anfang Gloria','Kompl. Text in allen Stimmen',1,'4',1,1,0,0,0),
(439,51,13,NULL,'ff. 244v-272','anon.','Missa La sol fa re mi',NULL,'Agnus II fehlt','Nahezu kompl. Text in allen Stimmen',1,'4',1,1,1,1,1),
(440,51,15,NULL,'ff. 10-10v','anon.',NULL,NULL,'Agnus II','textlos',1,'4',0,0,0,0,1),
(441,51,NULL,42,'no. [2]','Josquin','[Missa] La.sol.fa.re.mi.',NULL,NULL,'Text in S kompl., weniger in andern St.',1,'4',1,1,1,1,1),
(442,51,NULL,41,'no. [2]','Josquin','La.sol.fa.re.mi.',NULL,NULL,'Text in S kompl., weniger in andern St.',1,'4',1,1,1,1,1),
(443,51,NULL,39,'no. [2]','Josquin','La.sol.fa.re.mi.',NULL,NULL,'Text in S kompl., weniger in andern St.',1,'4',1,1,1,1,1),
(444,51,NULL,30,'no. 2','Iosquin','[Missa] La sol fa re mi',NULL,NULL,'Nahezu kompl. Text in allen Stimmen',1,'4',1,1,1,1,1),
(445,51,NULL,60,'ff. Kii´-iii´','Josquin','Missa La sol fa re mi, Osanna II',NULL,NULL,'Ohne Text',1,'4',0,0,0,1,0),
(446,51,NULL,57,'ff. 90-90v','Iosquin',NULL,NULL,'(Qui tollis)',NULL,1,NULL,0,1,0,0,0),
(447,51,NULL,57,'ff. 92v-94','Iosquin',NULL,NULL,'Kyrie',NULL,1,NULL,1,0,0,0,0),
(448,51,NULL,58,'Libro segundo, ff. 12v-13v','Iosquin',NULL,NULL,'(Benedictus)',NULL,1,NULL,0,0,0,1,0),
(449,51,NULL,51,'ff. 53-57v','Iusquin',NULL,NULL,'Pleni sunt, Osanna II & Agnus II fehlen',NULL,1,NULL,1,1,1,1,1),
(450,51,NULL,52,'ff. 59v-60','Jusquin',NULL,NULL,'Sanctus',NULL,1,NULL,0,0,0,1,0),
(451,51,NULL,52,'ff. 60-61','Jusquin',NULL,NULL,'Pleni sunt',NULL,1,NULL,0,0,0,1,0),
(452,53,24,NULL,'ff. 1v-13','anon.','[Missa] Ave maris stella',NULL,NULL,'Kompl. Text in allen Stimmen',1,'4',1,1,1,1,1),
(453,53,29,NULL,'ff. 17-21 (SAB), 10-16 (T)','Josquin','[Missa] Ave maris stella',NULL,NULL,'Kompl. Text in allen Stimmen',1,'4',1,1,1,1,1),
(454,53,50,NULL,'ff. 18-30','anon.','[ohne Titel]',NULL,'S&B von Kyrie I fehlen, Agnus II & III fehlen','Kompl. Text in allen Stimmen',1,'4',1,1,1,1,1),
(455,53,40,NULL,'ff. 29v-43','Josquin des pres','[Missa] Ave maris stella',NULL,NULL,'Kompl. Text in allen Stimmen',1,'4',1,1,1,1,1),
(456,53,94,NULL,'ff. 72v-82','Jos[quin]','[Missa] Ave ma[ris stella]',NULL,NULL,'Kompl. Text in allen Stimmen',1,'4',1,1,1,1,1),
(457,53,157,NULL,'no. 2','Josquin','[Missa] Ave maris stella',NULL,NULL,'Kompl. Text in allen Stimmen',1,'4',1,1,1,1,1),
(458,53,68,NULL,'ff. 29v-56','anon.','[ohne Titel]',NULL,NULL,'Kompl. Text in allen St. Außer in Agnus II',1,'4',1,1,1,1,1),
(459,53,78,NULL,'ff. 35v-54','Iusquin','[Missa] Ave maris stella',NULL,NULL,'Kompl. Text in allen Stimmen',1,'4',1,1,1,1,1),
(460,53,107,NULL,'ff. 29v-42','anon.','[Missa] Ave maris stella',NULL,NULL,'Kompl. Text in allen Stimmen',1,'4',1,1,1,1,1),
(461,53,23,NULL,'ff. 165v-175','Josquin','[Missa] Ave maris stella',NULL,NULL,'Kompl. Text in allen Stimmen',1,'4',1,1,1,1,1),
(462,53,22,NULL,'ff. 123v-141','Josquin','Missa ave maris stella',NULL,'Agnus II fehlt','Kompl. Text in allen Stimmen',1,'4',1,1,1,1,1),
(463,53,NULL,43,'no. [1]','Josquin','[Missa] Ave maris stella',NULL,NULL,'Kompl. Text in S; andere St. teilweise textiert',1,'4',1,1,1,1,1),
(464,53,NULL,40,'no. [1]','Josquin','Aue maris stella',NULL,NULL,'Kompl. Text in S; andere St. teilweise textiert',1,'4',1,1,1,1,1),
(465,53,NULL,35,'no. [1]','Josquin','Aue maris stella',NULL,NULL,'Kompl. Text in S; andere St. teilweise textiert',1,'4',1,1,1,1,1),
(467,53,NULL,30,'no. 11','Iosquin','[Missa] Ave maris stella',NULL,NULL,'Nahezu kompl. Text in allen St.',1,'4',1,1,1,1,1),
(468,53,NULL,48,'no. 84','Iosquin',NULL,NULL,'Agnus II','Text: "Diligam te domine fo[r]titudo mea"',1,'4',0,0,0,0,1),
(469,53,NULL,49,'no. 107','Ioskin',NULL,NULL,'Agnus II','Text: "Diligam te domine fo[r]titudo mea"',1,'4',0,0,0,0,1),
(470,53,NULL,50,'p. 73','anon.',NULL,NULL,'Benedictus',NULL,1,NULL,0,0,0,1,0),
(471,53,NULL,51,'ff. 63v-68','Iusquin',NULL,NULL,'Benedictus, Agnus II & III fehlen',NULL,1,NULL,1,1,1,1,1),
(472,53,NULL,52,'f. 12v','Jusquin',NULL,NULL,'Agnus (II)',NULL,1,NULL,0,0,0,0,1),
(473,53,NULL,52,'ff. 44-45','Jusquin',NULL,NULL,'Qui tollis',NULL,1,NULL,0,1,0,0,0),
(474,53,NULL,52,'ff. 61-61v','Jusquin',NULL,NULL,'Agnus (I)',NULL,1,NULL,0,0,0,0,1),
(475,53,NULL,53,'ff. 75v-76v','Iosquin','Fantasia acomposturada de cierta parta de la missa de Ave maristella',NULL,NULL,NULL,1,NULL,0,0,0,0,0),
(476,53,NULL,53,'f. 86v','anon.','Benedictus (Primerno grado, Duo)',NULL,NULL,NULL,1,NULL,0,0,0,1,0),
(477,60,4,NULL,'13a, ff. 155v-156','[implizit Josquin]','Tu solus qui facis mirabilia',NULL,'Tu solus … nur prima and secunda partes','Wesentlicher Text komplett außer in T, dort nur Incipits; Nach Agnus (lt. RISM anstatt Benedictus) die Motette "Tu solus qui facis mirabilia" / Benedictus fehlt  ',1,NULL,0,0,0,0,0),
(478,60,137,NULL,'ff.79v-80','Josquin','Tu solus qui facis mirabilia',NULL,'Tu solus … nur prima and secunda partes','Kompl. Text in S, A & B, im T nur teilweise/ Motette wird auch als Benedictus & Osanna II verwendet, hier Überlieferung der Variante der Messüberlieferung',1,'4',0,0,0,1,0),
(479,60,97,NULL,'ff. 14v-15; 15v-19; 25v-26','anon.',NULL,NULL,'Sanctus, Tu solus (prima & secunda)','Wesentlicher Text komplett',1,'4',0,0,0,0,0),
(480,60,97,NULL,'ff. 15v-19','Josquin',NULL,NULL,'Kyrie, Et in Terra, Patrem','Wesentlicher Text komplett',1,'4',1,1,1,0,0),
(481,60,97,NULL,'ff. 25v-26','anon.',NULL,NULL,'Agnus Die','Wesentlicher Text komplett',1,'4',0,0,0,0,1),
(482,60,158,NULL,'ff. 45v-46','anon.','Tu solus qui facis mirabilia',NULL,'Tu solus … nur prima pars','Wesentlicher Text komplett',1,'4',0,0,0,0,0),
(483,60,159,NULL,'no. 95','Iosquinus Pratensis','Tu solus qui facis mirabilia',NULL,'Tu solus… nur S & A','kompl. Text in beiden Stimmen',1,'2',0,0,0,0,0),
(484,60,131,NULL,'ff. lxxx-lxxxi','anon.','O mater dei',NULL,'Kontrafact v. Tu solus, pr. & sec. Pars, S&T bei pr. Fehlen','Incipit in allen Stimmen',1,NULL,0,0,0,0,0),
(485,60,NULL,43,'no. [6]','Josquin','[Missa] Dung aultre amer.',NULL,NULL,'Wesentl. Kompl. Text außer T, dort nur Incipits',1,'4',1,1,1,1,1),
(486,60,NULL,54,'ff. 57v-59','Josquin','Tu solus que facis mirabilis',NULL,NULL,'voll textiert',1,NULL,0,0,0,0,0),
(487,60,NULL,40,'no. [6]','Josquin','Dung aultre amer.',NULL,NULL,'Wesentl. Kompl. Text außer T, dort nur Incipits',1,'4',1,1,1,1,1),
(488,60,NULL,55,'ff. 25v-26','anon.','O mater dei & hominis.',NULL,'Kontrafaktur von Tu solus...','voll textiert',1,NULL,0,0,0,0,0),
(491,24,151,NULL,'f. 59v','anon.',NULL,NULL,'Gloria S mm. 1-38','textlos',1,'1',0,1,0,0,0),
(492,24,33,NULL,'ff. 114v-131','Iosquini','Missa Coronata',NULL,'Agnus II fehlt','Kompl. Text in allen Stimmen',1,'4',1,1,1,1,1),
(493,24,33,NULL,'ff. 381v-382','anon.',NULL,NULL,'Kyrie II in leicht abgewandelter Version von 115v-116','Textiert in allen Stimmen',1,'4',1,0,0,0,0),
(494,24,91,NULL,'ff. 56-57v (A), (57-58v (T)','anon.',NULL,NULL,'Kyrie & Gloria','Kompl. Text in erhaltenen Stimmen',1,NULL,1,1,0,0,0),
(495,24,93,NULL,'ff. 15v-18','anon.',NULL,NULL,'Credo','Kompl. Text in allen Stimmen',1,'4',0,0,1,0,0),
(496,24,92,NULL,'ff. 133-135','anon.',NULL,NULL,'Gloria (mm. 1-127 von S & T fehlen)','Kompl. Text in allen Stimmen',1,'4',0,1,0,0,0),
(497,24,152,NULL,'ff. 6a (T), 6b (B)','anon.',NULL,NULL,'Credo','Kompl. Text in erhaltenen Stimmen',1,'2',0,0,1,0,0),
(498,24,27,NULL,'f. 33v (T)','anon.',NULL,NULL,'Cum sancto spiritu','Textincipit',1,NULL,0,1,0,0,0),
(499,24,88,NULL,'ff. 94v-96v (S), 91v-93v (T)','Josquin',NULL,NULL,'Kyrie & Gloria','Kompl. Text in erhaltenen Stimmen',1,'2',1,1,0,0,0),
(500,24,88,NULL,'ff. 116-119 (T)','Josquin',NULL,NULL,'Credo, Sanctus & Agnus Die','Kompl. Text in erhaltenen Stimmen',1,'1',0,0,1,1,1),
(501,24,86,NULL,'ff. 41-42v (S), 42v-43v (A), 36v-38 (T), 41v-43v (B)','Josquin (index)',NULL,NULL,'Kyrie & Gloria (in T nur mm. 1-156)','Kompl. Text in allen Stimmen',1,'4',1,1,0,0,0),
(502,24,87,NULL,'ff. 10-12v (S), 8v-12 (A), 5v-9 (T), 8v-11 (B)','Josquin','[Missa] De beata virgine',NULL,'S fehlt im Credo, in mm.30-153 von Sanctus & Agnus; A & T fehlen in Credo & Agnus, B fehlt im Credo','Fast kompl. Text in allen Stimmen',1,'4',1,1,1,1,1),
(503,24,80,NULL,'ff. 232v-250','anon.','Missa beate Marie',NULL,NULL,'Kompl. Text in allen Stimmen',1,'4',1,1,1,1,1),
(504,24,81,NULL,'ff. 198-218','Jossequin des Prez','[ohne Titel]',NULL,'Teile in Reihenfolge KSAGC','Kompl. Text in allen Stimmen',1,'4',1,1,1,1,1),
(505,24,79,NULL,'f. 141','Josquin de Pres',NULL,NULL,'Cum sancto spiritu','Textincipit',1,'4',0,1,0,0,0),
(506,24,46,NULL,'ff. 57v-58 (S), 52-52v (A), 58-58v (T), 54-54v (B)','Josquin',NULL,NULL,'Cum sancto spiritu','Kompl. Text in allen Stimmen',1,'4',0,1,0,0,0),
(507,24,47,NULL,'no. [52] (T)','Josqu',NULL,NULL,'Cum sancto spiritu','Kompl. Text in erhaltenen Stimmen',1,NULL,0,1,0,0,0),
(508,24,48,NULL,'ff. 17v-23 (S), 27v-33 (A), 24-29v (T), 27-32v (B)','Josquin',NULL,NULL,'Kyrie & Gloria (ohne 2. Sektion)','Kompl. Text in allen Stimmen',1,'2',1,1,0,0,0),
(509,24,49,NULL,'no. [1] (S2)','anon.',NULL,NULL,'Credo, Sanctus & Agnus Die','Kompl. Text in erhaltenen Stimmen',1,NULL,0,0,1,1,1),
(510,24,36,NULL,'ff. 94v-100','Josquin de Pres','[Missa] Cotonatum',NULL,'Kyrie & Gloria','Kompl. Text in allen Stimmen',1,'4',1,1,0,0,0),
(511,24,51,NULL,'no. 1 (SB)','Josquin',NULL,NULL,'Cum sancto spiritu','Textincipit',1,NULL,0,1,0,0,0),
(512,24,37,NULL,'ff. 61v-77','Josquin des Pres','[Missa] De nostra domina',NULL,'Agnus II fehlt','Kompl. Text in allen Stimmen',1,'4',1,1,1,1,1),
(513,24,38,NULL,'ff. 93v-98','Iosquin des Pres',NULL,NULL,'Credo','Kompl. Text in allen Stimmen',1,'4',0,0,1,0,0),
(514,24,52,NULL,'f. 144 (S), 139 (A), 113 (T), 140-141v (B)','anon.',NULL,NULL,'Cum sancto spiritu','Kompl. Text nur in S',1,'4',0,1,0,0,0),
(515,24,94,NULL,'ff. 11v-22','Josquin','[Missa] De nostra dona',NULL,NULL,'Kompl. Text in allen Stimmen',1,'4',1,1,1,1,1),
(516,24,97,NULL,'ff. 92v-95','Jusquin Depres',NULL,NULL,'Credo','Kompl. Text in allen Stimmen',1,'4',0,0,1,0,0),
(517,24,99,NULL,'ff. 173v-178','Josquin',NULL,NULL,'Credo','Kompl. Text in allen Stimmen',1,'4',0,0,1,0,0),
(518,24,58,NULL,'ff. 1v-23','anon.','[ohne Titel]',NULL,NULL,'Kompl. Text in allen Stimmen',1,'4',1,1,1,1,1),
(519,24,57,NULL,'ff. 42v-71','Josquin de Press','Missa De beata virgine',NULL,NULL,'Kompl. Text in allen Stimmen',1,'4',1,1,1,1,1),
(520,24,60,NULL,'ff. 67-78 (T), 157-166v (B)','Iosquin','Missa Coronata',NULL,'Agnus II fehlt','Kompl. Text in erhaltenen Stimmen',1,'2',1,1,1,1,1),
(521,24,61,NULL,'no. [3]','Josquini','Missa De beata virgine',NULL,'Kyrie & Gloria (ohne 2. Sektion)','Kompl. Text in allen Stimmen',1,'4',1,1,0,0,0),
(522,24,62,NULL,'section 2, no. 6','Iosquin','Missa super De beata virgine',NULL,NULL,NULL,1,'4',1,1,1,1,1),
(523,24,68,NULL,'ff. 57v-84','anon.','[ohne Titel]',NULL,NULL,'Kompl. Text in allen Stimmen',1,'4',1,1,1,1,1),
(524,24,76,NULL,'ff. 1v-20','Josquin','[ohne Titel]',NULL,'Agnus III fehlt','Kompl. Text in allen Stimmen',1,'4',1,1,1,1,1),
(525,24,77,NULL,'ff. 23v-45','Josquin des Pres','Missa De domina',NULL,NULL,'Kompl. Text in allen Stimmen',1,'4',1,1,1,1,1),
(526,24,160,NULL,'ff. 106v-111','anon.',NULL,NULL,'Credo','Kompl. Text in allen Stimmen',1,'4',0,0,1,0,0),
(527,24,122,NULL,'ff. 34-34v (S), 31v-32 (A), 33(B)','anon.',NULL,NULL,'Cum sancto spiritu','Nur Textincipit',1,'3',0,1,0,0,0),
(528,24,122,NULL,'f. 40v (S), 39v (B)','anon.',NULL,NULL,'Agnus II','Nur Textincipit',1,'2',0,0,0,0,1),
(529,24,118,NULL,'ff. 97v-108','anon.','[ohne Titel]',NULL,'Agnus II & III fehlen','textlos',1,'4',1,1,1,1,1),
(530,24,117,NULL,'ff. 1v-10','anon.','[ohne Titel]',NULL,NULL,'Text nur in S & T des Kyrie',1,NULL,1,1,1,1,1),
(531,24,154,NULL,'ff. 74v-90','Josquin','[Missa] De nostra domina',NULL,NULL,'Kompl. Text in allen Stimmen',1,'4',1,1,1,1,1),
(532,24,101,NULL,'ff. 33-48','anon.','[ohne Titel]',NULL,'S & T d. Kyrie I und Christe vermisst, Agnus II fehlt','Kompl. Text in allen Stimmen',1,'4',1,1,1,1,1),
(533,24,22,NULL,'ff. 23v-46','Josquin','Missa De domina',NULL,NULL,'Kompl. Text in allen Stimmen',1,'4',1,1,1,1,1),
(534,24,70,NULL,'ff. 76v-88','Petri de Larue','Missa Coronata',NULL,'Kyrie, Gloria & Credo','Kompl. Text in allen Stimmen',1,'4',1,1,1,0,0),
(535,24,70,NULL,'ff. 113v-119','Iosquini',NULL,NULL,'Sanctus Summum and Agnus die I/III','Kompl. Text in allen Stimmen',1,NULL,0,0,0,1,1),
(536,24,69,NULL,'ff. 1v-27','Iosquin de Press','[ohne Titel]',NULL,'Agnus II fehlt','Kompl. Text in allen Stimmen',1,'4',1,1,1,1,1),
(537,24,147,NULL,'f. 6-6v','Josquini',NULL,NULL,'Gloria mm. 107-127','textlos',1,NULL,0,1,0,0,0),
(538,24,148,NULL,'ff. 24-25','Ioss Quin',NULL,NULL,'Cum sancto spiritu',NULL,1,NULL,0,1,0,0,0),
(539,24,140,NULL,'f. 111','anon.',NULL,NULL,'Cum sancto spiritu',NULL,1,NULL,0,1,0,0,0),
(540,24,140,NULL,'f. 114v','anon.',NULL,NULL,'Cum sancto spiritu',NULL,1,NULL,0,1,0,0,0),
(541,24,140,NULL,'f. 125v','anon.',NULL,NULL,'Cum sancto spiritu',NULL,1,NULL,0,1,0,0,0),
(542,24,140,NULL,'f. 148v','anon.',NULL,NULL,'Cum sancto spiritu',NULL,1,NULL,0,1,0,0,0),
(543,24,149,NULL,'pp. 19-21','Josquini',NULL,NULL,'Cum sancto spiritu',NULL,1,NULL,0,1,0,0,0),
(544,24,149,NULL,'pp. 242-243','Josquin',NULL,NULL,'Cum sancto spiritu',NULL,1,NULL,0,1,0,0,0),
(545,24,150,NULL,'no. [24]','anon.',NULL,NULL,'Agnus II',NULL,1,NULL,0,0,0,0,1),
(546,24,105,NULL,'ff. 1v-15','Josquin des Prez','[Missa] De domina nostra',NULL,NULL,'Kompl. Text in allen Stimmen, aber Tropus im Gloria gelöscht',1,'4',1,1,1,1,1),
(548,24,161,NULL,'ff. 73v-74','anon.',NULL,NULL,'Cum sancto spiritu',NULL,1,NULL,0,1,0,0,0),
(549,24,NULL,19,'ff. 114v-129','Josquin','[Missa] De beata virgine',NULL,NULL,'Kompl. Text in allen Stimmen',1,'4',1,1,1,1,1),
(550,24,NULL,46,'p. 36 (ST)','Iusquin',NULL,NULL,'Agnus II','Textincipit',1,'2',0,0,0,0,1),
(551,24,NULL,47,'p. 34 (ST)','Iusquin',NULL,NULL,'Agnus II','Textincipit',1,'2',0,0,0,0,1),
(552,24,NULL,18,NULL,'Josquin','[Missa] De beata virgine',NULL,NULL,'Kompl. Text in allen Stimmen',1,'4',1,1,1,1,1),
(553,24,NULL,44,'[no. 5]','Josquin','[Missa] De beata virgine',NULL,NULL,'Kompl. Text in allen Stimmen',1,'4',1,1,1,1,1),
(555,24,NULL,30,NULL,'Iosquin','[Missa] De beata virgine',NULL,NULL,'Kompl. Text in allen Stimmen',1,'4',1,1,1,1,1),
(556,24,NULL,48,NULL,'Iosquin',NULL,NULL,'Agnus II','kompl. Text in beiden Stimmen',1,'2',0,0,0,0,1),
(557,24,NULL,27,'p. 305','Iodocus a Prato',NULL,NULL,'Agnus II','kompl. Text in beiden Stimmen',1,'2',0,0,0,0,1),
(558,24,NULL,27,'pp. 392-401','Iod.',NULL,NULL,'Gloria','Kompl. Text in allen Stimmen',1,'4',0,1,0,0,0),
(559,24,NULL,64,'pp. 101-102','anon.',NULL,NULL,'(Cum sancto spiritu)',NULL,1,NULL,0,1,0,0,0),
(560,24,NULL,65,'f. 68-68v','Jusquin',NULL,NULL,'Cum sancto spiritu',NULL,1,NULL,0,1,0,0,0),
(561,24,NULL,65,'ff. 103-104','Jusquin',NULL,NULL,'Cum sancto spiritu',NULL,1,NULL,0,1,0,0,0),
(562,24,NULL,57,'ff. 73v-77','Iosquin',NULL,NULL,'Credo (ohne 3. Teil)',NULL,1,NULL,0,0,1,0,0),
(563,24,NULL,66,'pp. 207-210','Iosquin',NULL,NULL,'Cum sancto spiritu',NULL,1,NULL,0,1,0,0,0),
(564,24,NULL,58,'Lib. Segundo, ff.4-5','Iosquin',NULL,NULL,'Kyrie I',NULL,1,NULL,1,0,0,0,0),
(565,24,NULL,58,'Lib. Segundo, ff. 22-23v','Josquin',NULL,NULL,'Cum sancto spiritu',NULL,1,NULL,0,1,0,0,0),
(566,24,NULL,67,'Z4-Aa1','Joss Quin',NULL,NULL,'Cum sancto spiritu',NULL,1,NULL,0,1,0,0,0),
(567,24,NULL,68,'f. 31v','Josquin de Pres',NULL,NULL,'Cum sancto spiritu',NULL,1,NULL,0,1,0,0,0),
(568,24,NULL,50,'p- 57','anon.',NULL,NULL,'Cum sancto spiritu',NULL,1,NULL,0,1,0,0,0),
(569,24,NULL,51,'ff. 68-73','Jusquin',NULL,NULL,'Osanna, Benedictus, Agnus II & III fehlen',NULL,1,NULL,1,1,1,1,1),
(570,24,NULL,52,'ff. 42v-43v','Jusquin',NULL,NULL,'Et in terra',NULL,1,NULL,0,1,0,0,0),
(571,24,NULL,53,'ff. 51v-52','Josquin',NULL,NULL,'Patrem omnipotentem',NULL,1,NULL,0,0,1,0,0),
(572,24,NULL,53,'ff. 73v-74','Josquin',NULL,NULL,'Fantasia remedada al chiri postrero',NULL,1,NULL,1,0,0,0,0),
(573,24,NULL,53,'f. 85','Josquin',NULL,NULL,'Cum sancto spiritu',NULL,1,NULL,0,1,0,0,0),
(574,24,NULL,69,'f. 33','Jusquin',NULL,NULL,'Cum sancto spiritu',NULL,1,NULL,0,1,0,0,0),
(575,24,NULL,69,'f. 54','Jusquin',NULL,NULL,'Kyrie I',NULL,1,NULL,1,0,0,0,0),
(576,24,NULL,69,'f. 54v','[Jusquin]',NULL,NULL,'Kyrie II',NULL,1,NULL,1,0,0,0,0),
(577,72,42,NULL,'No. 5, fol. 67r-73r','anon.','Missa [ad Fugam]',NULL,'Zonder [ohne] Credo','Sanctus, Benedic. & Agnus weichen stark ab',1,NULL,1,1,0,1,1),
(578,72,NULL,44,'[no. 3]','Josquin','[Missa] Ad fugam',NULL,NULL,NULL,1,NULL,1,1,1,1,0),
(579,72,NULL,33,'[no. 3]','Josquin','Ad fugam',NULL,NULL,NULL,1,'4',1,1,1,1,0),
(582,52,98,NULL,'fol. 114v-127r','Iosquin','[Missa] fortuna desperata',NULL,NULL,'Vollst. Text im S, außer im Patrem; teilweise textierter T, sonst nur Incipits',1,'4',1,1,1,1,1),
(583,52,19,NULL,'fol. 63v-83r','Josquin','Missa Fortuna desperata',NULL,NULL,'Nahezu kompl. Text in allen St., außer im T bei präsentem C.f.',1,'4',1,1,1,1,1),
(584,52,56,NULL,'fol. 172v-178r (neue Foliierung)','anon.','[ohne Titel]',NULL,NULL,'Nur Incipits oder textlos',1,'4',1,1,1,1,1),
(585,52,NULL,28,'p. 245-252','Jodoci Pratensis','Aliud exemplum canonice augmentationis Jodoci Pratensis',NULL,'Agnus','Incipits in T & B, sonst textlos',1,NULL,0,0,0,0,1),
(586,52,NULL,27,'p. 388-391','Iodoco Prat.','Lydii Hypolydiique connexorum exemplum Jodoco Prat. Authore.',NULL,'Agnus','Vollst. Text in a. St.',1,NULL,0,0,0,0,1),
(587,52,NULL,30,'no. IIII','Iosquin','[Missa] Super Fortuna desperata',NULL,NULL,'Kompl. Text in allen St.',1,'4',1,1,1,1,1),
(588,52,NULL,12,'no. 10','anon.',NULL,NULL,'Pleni sunt coeli','textlos',1,NULL,0,0,0,1,0),
(589,52,NULL,71,'no. II','Josquin','Fortuna',NULL,NULL,'Kompl. Text in allen St.',1,'4',1,1,1,1,1),
(590,52,NULL,41,'no. [4]','Josquin','fortuna de sperata',NULL,NULL,'Kompl. Text in allen St.',1,'4',1,1,1,1,1),
(591,52,NULL,39,'no. [4]','Josquin','Fortuna desperata',NULL,NULL,'Kompl. Text in allen St.',1,'4',1,1,1,1,1),
(592,52,NULL,42,'no. [4]','Josquin','[Missa] Fortuna desperata',NULL,NULL,'Kompl. Text in allen St.',1,'4',1,1,1,1,1),
(595,50,NULL,41,'no. [5]','Josquin','Lomme arme. Sexti toni',NULL,NULL,NULL,1,'4',1,1,1,1,1),
(596,50,NULL,39,'no. [5]','Josquin','Lomme arme. Sexti toni',NULL,NULL,NULL,1,'4',1,1,1,1,1),
(598,50,NULL,73,'no. [5]','Josquin','Lomme arme. Sexti toni',NULL,'Bass-Stimmbuch nicht erhalten',NULL,1,'3',1,1,1,1,1),
(599,50,NULL,42,'no. [5]','Josquin','Lomme arme. Sexti toni',NULL,NULL,NULL,1,'4',1,1,1,1,1),
(600,50,NULL,22,'p. 64','Josquini','Exemplum Josquini ex l´homme armé sexti toni, in quo altera in ordine semibrevis ad ultimam brevem imperficiendam transfertur',NULL,'Kyrie III, nur T',NULL,1,'1',1,0,0,0,0),
(601,50,NULL,6,'p. 156-158','Josquini','Exemplum Sexti toni. Fuga ad minimam Josquini in l´homme armé sexti toni',NULL,'Agnus III',NULL,1,NULL,0,0,0,0,1),
(602,50,NULL,27,'p. 220','Iocodi Pratensis','Benedictus',NULL,'Benedictus T. 1-10',NULL,1,NULL,0,0,0,1,0),
(603,50,NULL,74,'no. 1','Josquin',NULL,NULL,NULL,NULL,1,'4',1,1,1,1,1),
(604,50,NULL,28,'p. 18','Josquini','Ex Lome arme Josquini',NULL,'Benedictus T. 1-10',NULL,1,NULL,0,0,0,1,0),
(605,50,NULL,28,'p. 234',NULL,'Kyrie ultimum',NULL,'T. 65-74, nur T&B; Kyrie III',NULL,1,'2',1,0,0,0,0),
(606,50,53,NULL,'T fol. 12v-16r, B fol. 13v-17r','Josquini','Lomme arme VI toni',NULL,NULL,NULL,1,NULL,1,1,1,1,1),
(607,50,95,NULL,'fol. 135v-141r','Josquin','Missa L´homme armé sexti toni',NULL,'Nur Gl, Cr & Sa',NULL,1,NULL,0,1,1,1,0),
(608,50,108,NULL,'fol. 191v-199r','Josquyn','Missa Lomme armé',NULL,'Nur Ky, Gl, Cr',NULL,1,NULL,1,1,1,0,0),
(609,50,66,NULL,'fol. 75v-90r','anon.','Missa L´homme armé',NULL,'unvollst.',NULL,1,NULL,0,0,0,0,0),
(610,50,19,NULL,'fol. 23v-41r','Josquin','Missa L´homme armé',NULL,NULL,NULL,1,NULL,0,0,0,0,0),
(611,96,29,NULL,'no. 1','Josquin',NULL,NULL,NULL,NULL,1,NULL,0,0,0,0,0),
(612,96,162,NULL,'fol. 86v-87r','Josquin',NULL,NULL,'Agnus Dei II',NULL,1,NULL,0,0,0,0,1),
(613,96,41,NULL,'no. 1','anon.',NULL,NULL,NULL,NULL,1,NULL,0,0,0,0,0),
(614,96,98,NULL,'no. 8, 127v-142r','Josquin',NULL,NULL,NULL,NULL,1,NULL,0,0,0,0,0),
(615,96,155,NULL,'1, 3v-29r','Josquin des Prez',NULL,NULL,NULL,'Mit einer 5. Stimme im Agnus III, Johannes Abbate zugeschrieben',1,NULL,1,1,1,1,1),
(616,96,154,NULL,'no. 4, 125v-142r','Jos',NULL,NULL,NULL,NULL,1,NULL,0,0,0,0,0),
(617,96,19,NULL,'1, fol. 1v-22r','Josquin des Prés',NULL,NULL,NULL,NULL,1,NULL,0,0,0,0,0),
(618,96,NULL,41,'no. [1]','Josquin','Lomme arme. Super voces musicales',NULL,NULL,NULL,1,'4',1,1,1,1,1),
(620,96,NULL,39,'no. [1]','Josquin','Lomme arme. Super voces musicales',NULL,NULL,NULL,1,'4',1,1,1,1,1),
(621,96,NULL,73,'no. [1]','Josquin','Lomme arme. Super voces musicales',NULL,'Bass-Stimmbuch nicht erhalten',NULL,1,'3',1,1,1,1,1),
(622,96,NULL,42,'no. [1]','Josquin','Lomme arme. Super voces musicales',NULL,NULL,NULL,1,'4',1,1,1,1,1),
(623,96,NULL,71,'V','Josquin','L´ame armé super voces musicales',NULL,NULL,NULL,1,NULL,0,0,0,0,0),
(624,96,NULL,30,'I','Iosquin','L´omme armé super voces musicales',NULL,NULL,NULL,1,'4',1,1,1,1,1),
(625,96,NULL,81,'O2r','anon.',NULL,NULL,'Benedictus',NULL,1,NULL,0,0,0,1,0),
(626,96,NULL,22,'p. 103','Josquini','Exemplum Tertii modi, per C cum Ɔ, Duo in unum',NULL,'Benedictus',NULL,1,NULL,0,0,0,1,0),
(627,96,NULL,6,'p. 86','Josquini','Exemplum Tertii modi, per Ɔ. Duo in unum',NULL,'Benedictus',NULL,1,NULL,0,0,0,1,0),
(628,96,NULL,6,'p. 90','Iosquini','ex Lomme arme Iosquini. Fuga trium vocum ex unica, quarum prima Proportionatum valorem: Altera Diminutum: tertia Intregrum canit',NULL,'Agnus Dei II',NULL,1,NULL,0,0,0,0,1),
(629,96,NULL,6,'p. 125-126','Josquini','Exemplum: primum Kyrie ex l´homme armé',NULL,'Kyrie I, nur T & B',NULL,1,NULL,1,0,0,0,0),
(630,96,NULL,22,'p. 126','Josquini','Exemplum: Christe eleyson ex Missa l´homme armé',NULL,'Christe, nur T & B',NULL,1,NULL,1,0,0,0,0),
(631,96,NULL,6,'p. 160-161','Josquini',NULL,NULL,'Osanna',NULL,1,NULL,0,0,0,1,0),
(632,96,NULL,27,'pag. 442','Jusquini',NULL,NULL,'Qui venit',NULL,1,NULL,0,0,0,1,0),
(633,96,NULL,27,'pag. 442-443','Jodoci','Ex una voce tres, ex eiusdem Jodoci Missa l´home armé super voces musicales',NULL,'Agnus Dei II',NULL,1,NULL,0,0,0,0,1),
(634,96,NULL,75,'Y1r-Y1v','Josquini','Aliud exemplum Iosquini',NULL,'Christe eleison',NULL,1,NULL,1,0,0,0,0),
(635,96,NULL,75,'M1v-M2r','Iosquini','Sequitur exemplum Iosquini. Gaudet cum gaudentibus',NULL,'osanna',NULL,1,NULL,0,0,0,1,0),
(636,96,NULL,75,'T1v','Josquini',NULL,NULL,'Agnus Dei II',NULL,1,'3',0,0,0,0,1),
(637,96,NULL,76,'H8r-I3r','anon.','Gaudet cum gaudentibus',NULL,'osanna',NULL,1,NULL,0,0,0,1,0),
(638,96,NULL,76,'I4r-I4v','Josquini','Exemplum ex Missa Josquini L´omme armé',NULL,'Sanctus, nur T mit Resolutio',NULL,1,'1',0,0,0,1,0),
(639,96,NULL,76,'k2v-k4v','Iosquini','Exemplum Iosquini',NULL,'Christe eleison',NULL,1,NULL,1,0,0,0,0),
(640,96,NULL,62,'No. 13','Jodoci Pratensis','Triados ex unica',NULL,'Agnus Dei II',NULL,1,NULL,0,0,0,0,1),
(641,46,124,NULL,'no. XIII','Io martini','Missa ferialis Io martini',NULL,NULL,NULL,1,'4',1,0,0,1,1),
(642,46,115,NULL,'fols. 202v-208',NULL,NULL,NULL,NULL,NULL,1,NULL,1,0,0,1,1),
(643,46,NULL,3,'S fols. 14v-15v; A 49v-51; T 31v-32; B 68-69','Josquin','Missa ferialis',NULL,NULL,NULL,1,'4',1,0,0,1,1),
(644,96,NULL,63,'No. 11','Jodoci Pratensis','Triados ex unica',NULL,'Agnus Dei II',NULL,1,NULL,0,0,0,0,1),
(645,2,NULL,78,'50',NULL,NULL,NULL,NULL,NULL,1,NULL,0,0,0,0,0),
(646,3,NULL,78,'46,48, 55, 56',NULL,NULL,NULL,NULL,NULL,1,NULL,0,0,0,0,0),
(647,3,NULL,79,'139',NULL,NULL,NULL,NULL,NULL,1,NULL,0,0,0,0,0),
(648,3,173,NULL,'fol. 12v',NULL,NULL,NULL,NULL,NULL,1,NULL,0,0,0,0,0),
(649,5,NULL,78,'55-56',NULL,NULL,NULL,NULL,NULL,1,NULL,0,0,0,0,0),
(650,9,NULL,79,'156',NULL,NULL,NULL,NULL,NULL,1,NULL,0,0,0,0,0),
(651,10,NULL,78,'49, 55, 60',NULL,NULL,NULL,NULL,NULL,1,NULL,0,0,0,0,0),
(652,10,173,NULL,'fol. 12v & 18r​',NULL,NULL,NULL,NULL,NULL,1,NULL,0,0,0,0,0),
(653,11,NULL,78,'55',NULL,NULL,NULL,NULL,NULL,1,NULL,0,0,0,0,0),
(654,14,NULL,78,'49',NULL,NULL,NULL,NULL,NULL,1,NULL,0,0,0,0,0),
(655,80,173,NULL,'fol. 19r',NULL,NULL,NULL,NULL,NULL,1,NULL,0,0,0,0,0),
(656,80,NULL,79,'156',NULL,NULL,NULL,NULL,NULL,1,NULL,0,0,0,0,0),
(657,80,NULL,78,'46',NULL,NULL,NULL,NULL,NULL,1,NULL,0,0,0,0,0),
(658,86,173,NULL,'fol. 12v',NULL,NULL,NULL,NULL,NULL,1,NULL,0,0,0,0,0),
(659,20,NULL,6,NULL,'Alexan. Agricolae','"Fuga duorum Temporum in Diatessaron Alexan. Agricolae"',NULL,'Christe I 2st. ohne Text',NULL,1,'2',1,0,0,0,0),
(660,56,NULL,6,'63','Brumelij','Exemplum Brumelij, in quo quinta Longa a prima in ordine Brevi imperfecitur',NULL,'(=Christe, nur Tenor)',NULL,1,NULL,1,0,0,0,0),
(661,56,NULL,28,'S. 159-61','Anthonij Brumelij','Exemplum Modi minoris perfecti cum pausa Indicali Anthonij Brumelij ex Missa Victime Paschali',NULL,'(=Et in spiritum Sanctum meas. 1-8, Sup. & Ten)',NULL,1,NULL,0,0,0,0,0),
(662,56,NULL,28,'S. 231-33','Anthonij Brumelij','Primum Exemplum Modale Antonij Brumelij ex Missa Victime Paschali',NULL,'(=Christe, Ten & Bs)',NULL,1,NULL,1,0,0,0,0),
(663,34,NULL,6,'p. 60-61',NULL,'Exemplum Prolationis Maioris integrae, diminutae & Proportionatae',NULL,'Kyrie II',NULL,1,NULL,1,0,0,0,0),
(664,34,NULL,27,'p. 216-217',NULL,'Exemplum ... Integra Prolatio, Diminuta ..., Propotionata...',NULL,'Kyrie II',NULL,1,NULL,1,0,0,0,0),
(665,34,NULL,28,'p. 173-179',NULL,'Exemplum Temporis perfecti, Integri Diminuti ac Proportionati',NULL,'Kyrie II',NULL,1,NULL,1,0,0,0,0),
(666,34,162,NULL,'fol. 6v-7',NULL,'Exemplum Prolationis Maioris integrae, diminutae & Proportionatae',NULL,'Kyrie II',NULL,1,NULL,1,0,0,0,0),
(667,50,42,NULL,'No. 14, 199v-211r','Josquin des Prez',NULL,NULL,NULL,NULL,1,NULL,1,1,1,1,1),
(668,50,132,NULL,'No. 2, 11v-18v','Josquin Dupres',NULL,NULL,NULL,NULL,1,NULL,1,1,1,1,1),
(669,50,83,NULL,'p. 384','Josquin',NULL,NULL,NULL,NULL,1,NULL,0,0,0,0,0),
(670,50,145,NULL,'No. 15, 91v-100r','Josquin de pres',NULL,NULL,NULL,NULL,1,NULL,1,1,1,1,1),
(671,50,116,NULL,'No. 28, 373r-384r','anon.',NULL,NULL,NULL,NULL,1,NULL,1,1,1,1,1),
(672,50,120,NULL,'III, No. 3','anon.',NULL,NULL,'Fragmente',NULL,1,NULL,0,0,0,0,0),
(673,52,73,NULL,'ff. 1-10v','anon.','[ohne Titel]',NULL,'Sup. & Ten. des ges. Kyrie sowie A & B des Agnus III fehlen','Nahezu kompl. Text in allen St.',1,'4',1,1,1,1,1),
(674,52,67,NULL,'ff. 69-70v','Josquin','Exemplum alternationis Josquini fortuna',NULL,'Kyrie I','Textlos',1,'4',1,0,0,0,0),
(675,52,118,NULL,'ff. 87v-96','anon.','[ohne Titel]',NULL,NULL,'Meist textlos; voller Text in S & T d. Et in terra',1,'4',1,1,1,1,1),
(676,52,NULL,60,'ff. Piij´-[Piiij]','Iosquin','Exemplum augmentationis Iosquini ex Missa. Fortuna',NULL,'Christe','textlos',1,NULL,1,0,0,0,0),
(677,52,NULL,51,'ff. lii-lii´','Iusquin','Missa de fortuna desesperata',NULL,'Benedictus','textlos',1,NULL,0,0,0,1,0),
(678,52,NULL,52,'ff. xviii´-xix','Jusquin','Benedictus qui venit',NULL,NULL,'textlos',1,NULL,0,0,0,1,0),
(679,52,NULL,51,'ff. lxxiii´-lxxiv','Iusquin',NULL,NULL,'Pleni sunt','textlos',1,NULL,0,0,0,1,0),
(680,72,40,NULL,'No. 8, 105v-115r','Josquin','Missa diatessaron',NULL,NULL,NULL,1,'4',1,1,1,1,1),
(681,72,NULL,19,'No. 11, 129v-140r','Josquin',NULL,NULL,NULL,NULL,1,NULL,1,1,1,1,1),
(682,72,NULL,51,'No. 60, 41r-45v','Jusquin',NULL,NULL,'Agnus II fehlt',NULL,1,NULL,1,1,1,1,1),
(683,72,NULL,53,'No. 126, 84v','Josquin',NULL,NULL,'Cum sancto spiritu',NULL,1,NULL,0,1,0,0,0),
(684,72,NULL,6,'p. 88','anon.','Sequitur exemplum variarum Diminuituinum',NULL,'Benedictus',NULL,1,NULL,0,0,0,1,0),
(685,72,NULL,22,'p. 105-106','anon.','Sequitur exemplum variarum Diminuituinum',NULL,'Benedictus',NULL,1,NULL,0,0,0,1,0),
(686,72,NULL,27,'p- 216',NULL,NULL,NULL,'Benedictus',NULL,1,NULL,0,0,0,1,0),
(687,50,NULL,6,'p. 64',NULL,NULL,NULL,'Kyrie III',NULL,1,NULL,1,0,0,0,0),
(689,18,NULL,73,'no. [3]','Josquin','super gaudeamus',NULL,'Bass-Stimmbuch nicht erhalten',NULL,1,'3',1,1,1,1,1),
(690,51,NULL,73,'no. [2]','Josquin','La.sol.fa.re.mi.',NULL,'Bass-Stimmbuch nicht erhalten',NULL,1,'3',1,1,1,1,1),
(691,52,NULL,73,'no. [4]','Josquin','fortuna desperata',NULL,'Bass-Stimmbuch nicht erhalten',NULL,1,'3',1,1,1,1,1),
(692,24,NULL,33,'[no. 5]','Josquin','De beata virgine',NULL,NULL,NULL,1,'4',1,1,1,1,1),
(693,60,NULL,35,'no. [6]','Josquin','Dung aultre amer.',NULL,NULL,'Wesentl. Kompl. Text außer T, dort nur Incipits',1,'4',1,1,1,1,1),
(694,50,NULL,22,'p. 156-158','Josquini','Exemplum Sexti toni. Fuga ad minimam Josquini in l´homme armé sexti toni',NULL,'Agnus III',NULL,1,NULL,0,0,0,0,1),
(695,50,NULL,28,'pp. 156-58','Josquini',NULL,NULL,NULL,NULL,1,NULL,0,0,0,0,0),
(696,50,NULL,6,'p. 12','anon.','Fuga in Subdiapente',NULL,'Benedictus',NULL,1,NULL,0,0,0,1,0),
(697,50,NULL,22,'p. 12','anon.','Fuga in Subdiapente',NULL,'Benedictus',NULL,1,NULL,0,0,0,1,0),
(698,50,163,NULL,'No. 33, 53v-55v','anon.',NULL,NULL,'Et resurrexit',NULL,1,NULL,0,0,1,0,0),
(699,96,NULL,51,'No. 61, 46r-51v','Jusquin','Missa de super boze musicales',NULL,'Osanna fehlt',NULL,1,NULL,1,1,1,1,1),
(700,96,NULL,22,'p. 125','Josquini','Exemplum: primum Kyrie ex l´homme armé',NULL,'Kyrie I, nur T & B',NULL,1,NULL,1,0,0,0,0),
(701,96,NULL,60,'Q4r-Q4v',NULL,NULL,NULL,'Kyrie I',NULL,1,NULL,1,0,0,0,0),
(702,96,NULL,81,'H3v-H4r','anon.',NULL,NULL,'Kyrie I',NULL,1,NULL,1,0,0,0,0),
(703,96,NULL,28,'pp. 336-37','Iosquini',NULL,NULL,'Kyrie I',NULL,1,NULL,1,0,0,0,0),
(704,96,NULL,60,'Q4v-R1v',NULL,NULL,NULL,'Christe eleison',NULL,1,NULL,0,0,0,0,0),
(705,96,NULL,81,'H4v-I1r','anon.',NULL,NULL,'Kyrie II',NULL,1,NULL,1,0,0,0,0),
(706,96,NULL,81,'K2r-K4v','anon.',NULL,NULL,'Et in terra',NULL,1,NULL,0,1,0,0,0),
(707,96,NULL,52,'No. 64, 61v-63v','Josquin',NULL,NULL,'Patrem',NULL,1,NULL,0,0,1,0,0),
(708,96,NULL,60,'M1v-M3r',NULL,NULL,NULL,'Sanctus',NULL,1,NULL,0,0,0,1,0),
(709,96,NULL,81,'N3r-Nv','anon.',NULL,NULL,'Sanctus',NULL,1,NULL,0,0,0,1,0),
(710,96,NULL,60,'K4v-L1v',NULL,NULL,NULL,'Pleni',NULL,1,NULL,0,0,0,1,0),
(711,96,NULL,52,'No. 25, 20r-v','Josquin',NULL,NULL,'Pleni',NULL,1,NULL,0,0,0,1,0),
(712,96,NULL,22,'pp. 159-60','Iosquini','Sequitur exemplum Septimi Toni Iosquini, ex Lhomme arme',NULL,'Osanna',NULL,1,NULL,0,0,0,1,0),
(713,96,NULL,81,'Dd3v-Ee1r','anon.',NULL,NULL,'Osanna',NULL,1,NULL,0,0,0,1,0),
(714,96,NULL,65,'No. 85, 96v-99r','Jusquin',NULL,NULL,'Osanna',NULL,1,NULL,0,0,0,1,0),
(715,96,NULL,65,'no. 86, 98v-99r','Jusquin',NULL,NULL,'Benedictus',NULL,1,NULL,0,0,0,0,0),
(716,96,NULL,22,'p. 103','Josquini','Exemplum Secundi modi per [cut circle] cum [cut c].',NULL,'Qui venit',NULL,1,NULL,0,0,0,1,0),
(717,96,NULL,6,'p. 86','Josquini','Exemplum Secundi modi per [cut circle, cut c].',NULL,'Qui venit',NULL,1,NULL,0,0,0,1,0),
(718,96,NULL,60,'L1v',NULL,NULL,NULL,'Qui venit',NULL,1,NULL,0,0,0,1,0),
(719,96,NULL,22,'p. 103','Josquini','Exemplum primi modi per C cum C2. Duo in unum',NULL,'In nomine',NULL,1,NULL,0,0,0,1,0),
(720,96,NULL,6,'p. 85','Josquini','Exemplum primi modi per C2. Duo in unum',NULL,'In nomine',NULL,1,NULL,0,0,0,1,0),
(721,96,NULL,27,'p. 442-443','Iodoci Pratensi',NULL,NULL,'In nomine',NULL,1,NULL,0,0,0,1,0),
(722,96,NULL,81,'Ee1r-Ee3r','anon.',NULL,NULL,'Qui tollis',NULL,1,NULL,0,0,0,0,1),
(723,96,NULL,22,'p. 112','Iosquini','Fuga trium. ex Lhomme arme Iosquini',NULL,'Agnus Dei II',NULL,1,NULL,0,0,0,0,1),
(724,96,NULL,60,'T1v-T2r',NULL,NULL,NULL,'Agnus Dei II',NULL,1,NULL,0,0,0,0,1),
(725,96,NULL,81,'Ff3v','anon.',NULL,NULL,'Agnus Dei II',NULL,1,NULL,0,0,0,0,1),
(726,96,NULL,81,'Cc3v','anon.',NULL,NULL,'Agnus Dei III',NULL,1,NULL,0,0,0,0,1),
(727,96,NULL,65,'No. 84, 91v','Jusquin',NULL,NULL,'Agnus Dei III','Textiert mit "Clama ne cesses"',1,NULL,0,0,0,0,1),
(728,96,NULL,53,'No. 7, 3v','Josquin',NULL,NULL,'Agnus Dei III',NULL,1,NULL,0,0,0,0,1),
(729,96,50,NULL,'1r-17r','anon.',NULL,NULL,'unvollst.',NULL,1,NULL,0,0,0,0,0),
(731,96,164,NULL,'no. 25, 59v-67v','anon.',NULL,NULL,NULL,NULL,1,NULL,0,0,0,0,0),
(732,96,64,NULL,'no. 10',NULL,NULL,NULL,NULL,NULL,1,NULL,0,0,0,0,0),
(733,96,73,NULL,'no. 6, 52v-55r','anon.',NULL,NULL,'unvollst, nur Kyrie & Agnus III',NULL,1,NULL,1,0,0,0,1),
(734,96,78,NULL,'no. 3, 4v-35r','Jusquin',NULL,NULL,NULL,NULL,1,NULL,0,0,0,0,0),
(735,96,83,NULL,'no. 274',NULL,NULL,NULL,NULL,NULL,1,NULL,0,0,0,0,0),
(736,96,93,NULL,'no. 13, 131v-138r','anon.',NULL,NULL,NULL,NULL,1,NULL,0,0,0,0,0),
(737,96,93,NULL,'148v-150r','anon.',NULL,NULL,NULL,NULL,1,NULL,0,0,0,0,0),
(738,96,117,NULL,'10v-17r','Josquin des Pres',NULL,NULL,NULL,NULL,1,NULL,0,0,0,0,0),
(739,96,85,NULL,'42v','Josquini',NULL,NULL,'Agnus Dei II',NULL,1,NULL,0,0,0,0,1),
(740,96,97,NULL,'49v-50r','anon.',NULL,NULL,'Agnus Dei II',NULL,1,NULL,0,0,0,0,1),
(742,96,165,NULL,'no. 16, 43v-47r','Jusquin','super vo',NULL,'Agnus Dei III',NULL,1,NULL,0,0,0,0,1),
(743,96,166,NULL,'3. hinzugefügtes folio','anon.','Agnus voi clamo ne cesses',NULL,'Agnus Dei III',NULL,1,NULL,0,0,0,0,1),
(744,108,19,NULL,'ff. 130v-135','Josquin des pres',NULL,NULL,NULL,'Kompl. Text in allen St.',1,'4',0,0,1,0,0),
(745,108,107,NULL,'ff. 250v-253','anon.','[ohne Titel]',NULL,NULL,'Kompl. Text in allen St.',1,'4',0,0,1,0,0),
(747,108,167,NULL,'ff. 205v-216','A:B.','[ohne Titel]',NULL,NULL,'Kompl. Text in allen St.',1,'4',0,0,1,0,0),
(748,108,NULL,3,'ff. 13v-14, 49-49v, 30v-31, 67v-68','Josquin','Ciaschun me crie',NULL,NULL,'Kompl. Text in S, wesentl. Text in Unterst. komplett',1,'4',0,0,1,0,0),
(750,115,NULL,3,'ff. 11v-12, 46v-47, 28v-29, 65v-66','Josquin','Patrem: De tous bien',NULL,NULL,'Kompl. Text in S, A & B; incipits im T "Factorem celi et terre", "Et incarnatus est de spiritu sancto" & "Qui cum patre et filio"',1,'4',0,0,1,0,0),
(751,116,NULL,3,'ff. 10v-11v, 45v-46v, 28-28v, 64v-65','Josquin','Patrem: La bella se sied',NULL,NULL,'Kompl. Text in S & T, Strichmarken in A & B',1,'4',0,0,1,0,0),
(752,113,169,NULL,'ff. 21-22v','anon.','Patrem',NULL,'Nur B erhalten','Kompl. Text',1,'1',0,0,1,0,0),
(753,113,168,NULL,'ff. [53v-55]','anon.','[ohne Titel]',NULL,NULL,'Kompl. Text in allen St.',1,'4',0,0,1,0,0),
(754,113,167,NULL,'ff. 182v-192','Antho: Brumel','[ohne Titel]',NULL,NULL,'Kompl. Text in allen St.',1,'4',0,0,1,0,0),
(755,113,19,NULL,'ff. 125v-130','Josquin des pres','[ohne Titel]',NULL,NULL,'Wesentl. Text in allen St.',1,'4',0,0,1,0,0),
(756,113,NULL,3,'ff. 13-13v, 48-48v, 30-30v, 67','Eiusdem [i.e. Josquin]','Patrem: Vilayge',NULL,NULL,'Wesentl. Text in allen St.',1,'4',0,0,1,0,0),
(757,105,115,NULL,NULL,NULL,NULL,NULL,NULL,NULL,1,NULL,0,0,1,0,0),
(758,107,115,NULL,NULL,NULL,NULL,NULL,NULL,NULL,1,NULL,0,0,1,0,0),
(760,110,23,NULL,'fol. 89v-94r','Alexander Agricola','[ohne]',NULL,NULL,'Teil der Missa Paschalis',1,'4',0,0,1,0,0),
(761,33,115,NULL,'fol. 1v-7r','[anonym]',NULL,NULL,NULL,NULL,1,NULL,1,1,0,0,0),
(762,34,NULL,6,'p. 68-69',NULL,'Aliud exemplum Temporis Perfecti, integri, Diminuti & proportionati',NULL,'Kyrie II',NULL,1,NULL,1,0,0,0,0),
(763,34,NULL,22,'p. 68-69',NULL,'Exemplum Prolationis Maioris integrae, diminutae & Proportionatae',NULL,'Kyrie II',NULL,1,NULL,1,0,0,0,0),
(764,34,NULL,22,'p. 74-75',NULL,'Exemplum Temporis Perfecti, integri, Diminuti, & Proportionati',NULL,'Kyrie II',NULL,1,NULL,1,0,0,0,0),
(765,34,NULL,27,'p. 216-217',NULL,'Exemplum ... Tempus integrum, Diminutum, Proportionatum',NULL,'Kyrie II',NULL,1,NULL,1,0,0,0,0),
(766,34,NULL,28,'p. 196-199',NULL,'Exemplum Prolationis Maioris integrae Diminutae & Proportionatae',NULL,'Kyrie II',NULL,1,NULL,1,0,0,0,0),
(767,34,149,NULL,'p. 244-246',NULL,'finitur benedictus (am Schluss)','307','Benedictus 3st.','nur Benedictus, Arrangement für Tasteninstr.',1,NULL,0,0,0,1,0),
(768,34,170,NULL,'fol. 21-22',NULL,'Benedictus',NULL,'Benedictus 3st.',NULL,1,'3',0,0,0,1,0),
(769,34,170,NULL,'fol. 55-55v',NULL,'Tenor e contra de Benedictus',NULL,'Benedictus 3st.',NULL,1,'2',0,0,0,1,0),
(770,34,171,NULL,'fol. 5','Jsaac','Missa re mi fa sol la Jsaac 4or Vocum',NULL,'Nur Inventarnachweis',NULL,1,NULL,0,0,0,0,0),
(771,34,NULL,66,'p. ?',NULL,'Benedictus',NULL,'Benedictus, 3st.','Arrangement für Laute',1,NULL,0,0,0,1,0),
(772,22,NULL,83,NULL,'Robertus de feuin','Le vilayn ialoys',NULL,NULL,NULL,1,'4',1,1,1,1,1),
(773,2,144,NULL,NULL,NULL,NULL,NULL,NULL,NULL,1,NULL,0,0,0,0,0),
(774,3,120,NULL,NULL,NULL,NULL,NULL,NULL,NULL,1,NULL,0,0,0,0,0),
(775,6,123,NULL,NULL,NULL,NULL,NULL,NULL,NULL,1,NULL,0,0,0,0,0),
(776,10,151,NULL,NULL,NULL,NULL,NULL,NULL,NULL,1,NULL,0,0,0,0,0),
(777,103,30,NULL,'S. 160-165, fol. 80v-83r',NULL,'(Patrem dominicale [Index, schwer lesbar])',NULL,NULL,NULL,1,NULL,0,0,1,0,0),
(778,122,172,NULL,'1, f. 3-13','De Orto','l´omearme','430',NULL,NULL,1,'4',1,1,1,1,1),
(780,122,NULL,84,'3','de Orto','Lomme arme.',NULL,NULL,NULL,1,'4',1,1,1,1,1);

---
-- Create views
---

-- Prints with type and year
CREATE VIEW vAusgabeTypDatierung AS
SELECT Ausgabe.idAusgabe, 
Ausgabe.Nachweis, 
IIF(Quellenart.Bezeichnung='Tabulatur','Tabulatur', IIF(Quellenart.Bezeichnung='Musiktheorie','Musiktheorie','Ausgabe')) AS Typ,
Zeit.Mittel AS Datierung, Zeit.Von AS DatierungVon, Zeit.Bis AS DatierungBis 
FROM Ausgabe, Quellenart
LEFT JOIN Zeit ON Zeit.idZeit = Ausgabe.Datierung
WHERE Quellenart.idQuellenart = Ausgabe.Art
AND Ausgabe.genutzt = 1
ORDER BY Ausgabe.idAusgabe;


-- Number of concordances per type and year
CREATE VIEW vDatierungKonkordanzenAnzahl AS
SELECT Datierung, 
	COUNT(idKonkordanz) AS Konk_total,
	COUNT(IIF(QuellenTyp='Handschrift',idKonkordanz, NULL)) AS Konk_Hs,
	COUNT(IIF(QuellenTyp='Kernkorpus',idKonkordanz, NULL)) AS Konk_kern,
	COUNT(IIF(QuellenTyp='Ausgabe',idKonkordanz, NULL)) AS Konk_Ausgaben,
	COUNT(IIF(QuellenTyp='Tabulatur',idKonkordanz, NULL)) AS Konk_Tabulatur,
	COUNT(IIF(QuellenTyp='Musiktheorie',idKonkordanz, NULL)) AS Konk_Theorie
FROM vRepertoire
GROUP BY Datierung;


-- Manuscripts with type and date
CREATE VIEW vHandschriftTypDatierung AS
SELECT Handschrift.idHandschrift, 
Handschrift.CensusCat, 
Zeit.Mittel AS Datierung,
Zeit.Von AS DatierungVon,
Zeit.Bis AS DatierungBis,
CASE
	WHEN Quellenart.Bezeichnung='Tabulatur' THEN 'Tabulatur'
	WHEN Quellenart.Bezeichnung='Musiktheorie' THEN 'Musiktheorie'
	WHEN Handschrift.CensusCat IN ('VatS 14', 'VatS 23', 'VatS 35', 'VatS 41', 'VatS 49', 'VatS 49', 'VatS 51', 'VatS 63', 'VatS 64', 'VatS 197') THEN 'Kernkorpus'
	ELSE 'Handschrift'
END Typ
FROM Handschrift, Quellenart
LEFT JOIN Zeit ON Zeit.idZeit = Handschrift.Datierung
WHERE Quellenart.idQuellenart = Handschrift.Art 
ORDER BY idHandschrift;


-- Overview of used concordances with data instead of FKs
CREATE VIEW vRepertoire AS
SELECT Konkordanz.idKonkordanz, Konkordanz.WerkID AS Werk, Werk.Titel, Komponist.Bezeichnung,
IIF(Konkordanz.Handschrift IS NOT NULL,
	(SELECT Typ FROM vHandschriftTypDatierung WHERE Konkordanz.Handschrift = vHandschriftTypDatierung.idHandschrift),
	(SELECT Typ FROM vAusgabeTypDatierung WHERE Konkordanz.Ausgabe = vAusgabeTypDatierung.idAusgabe))
	AS QuellenTyp,
IIF(Konkordanz.Handschrift IS NOT NULL, 
	(SELECT CensusCat FROM vHandschriftTypDatierung WHERE Konkordanz.Handschrift = vHandschriftTypDatierung.idHandschrift), 
	(SELECT Nachweis FROM vAusgabeTypDatierung WHERE Konkordanz.Ausgabe = vAusgabeTypDatierung.idAusgabe))
	AS Quelle,
Konkordanz.Quellen_Index, 
CASE 
	WHEN Konkordanz.Datierung IS NOT NULL THEN (SELECT Mittel FROM Zeit WHERE Zeit.idZeit = Konkordanz.Datierung)
	WHEN EXISTS(SELECT Datierung FROM vHandschriftTypDatierung WHERE vHandschriftTypDatierung.idHandschrift = Konkordanz.Handschrift) 
		THEN (SELECT Datierung FROM vHandschriftTypDatierung WHERE vHandschriftTypDatierung.idHandschrift = Konkordanz.Handschrift)
	WHEN EXISTS(SELECT Datierung FROM vAusgabeTypDatierung WHERE vAusgabeTypDatierung.idAusgabe = Konkordanz.Ausgabe)
		THEN (SELECT Datierung FROM vAusgabeTypDatierung WHERE vAusgabeTypDatierung.idAusgabe = Konkordanz.Ausgabe)
	ELSE NULL
 END Datierung,
Konkordanz.Stimmzahl, Konkordanz.Kyrie, Konkordanz.Gloria, Konkordanz.Credo, Konkordanz.Sanctus, Konkordanz.Agnus
FROM Konkordanz, Werk, Komponist
WHERE Konkordanz.genutzt = 1
AND Werk.idWerk = Konkordanz.WerkID
AND Komponist.idKomponist = Werk.Komponist
ORDER BY idKonkordanz;

-- Works with concordances per type
CREATE VIEW vWerkKonkordanzenAnzahl AS
SELECT Werk.idWerk, Werk.Titel, Komponist.Bezeichnung, 
(SELECT COUNT(vRepertoire.idKonkordanz) FROM vRepertoire WHERE vRepertoire.Werk = Werk.idWerk) AS Konk_total,
(SELECT COUNT(vRepertoire.idKonkordanz) FROM vRepertoire WHERE vRepertoire.Werk = Werk.idWerk AND vRepertoire.QuellenTyp = 'Kernkorpus') AS Konk_kern,
(SELECT COUNT(vRepertoire.idKonkordanz) FROM vRepertoire WHERE vRepertoire.Werk = Werk.idWerk AND vRepertoire.QuellenTyp = 'Handschrift') AS Konk_Hs,
(SELECT COUNT(vRepertoire.idKonkordanz) FROM vRepertoire WHERE vRepertoire.Werk = Werk.idWerk AND vRepertoire.QuellenTyp = 'Ausgabe') AS Konk_Ausgaben,
(SELECT COUNT(vRepertoire.idKonkordanz) FROM vRepertoire WHERE vRepertoire.Werk = Werk.idWerk AND vRepertoire.QuellenTyp = 'Tabulatur') AS Konk_Tabulatur,
(SELECT COUNT(vRepertoire.idKonkordanz) FROM vRepertoire WHERE vRepertoire.Werk = Werk.idWerk AND vRepertoire.QuellenTyp = 'Musiktheorie') AS Konk_Theorie
FROM Werk, Komponist
WHERE Komponist.idKomponist = Werk.Komponist
ORDER BY Werk.idWerk ASC

---
-- Make PKs db wide unique
---

UPDATE Ausgabe SET idAusgabe = idAusgabe + 1000;
UPDATE Handschrift SET idHandschrift = idHandschrift + 2000;
UPDATE Komponist SET idKomponist = idKomponist + 3000;
UPDATE Werk SET idWerk = idWerk + 4000;
UPDATE Bibliothek SET idBibliothek = idBibliothek + 5000;
UPDATE Ort SET idOrt = idOrt + 6000;
UPDATE Quellenart SET idQuellenart = idQuellenart + 7000;
UPDATE Zeit SET idZeit = idZeit + 8000;

---
-- Create node list view containing Werk, Ausgabe & Handschrift (only used ones)
-- Bi-mode network of works and sources
-- id, label, type, sourcetype
---

CREATE VIEW networkNodes AS
SELECT Handschrift.idHandschrift as id, 
Handschrift.CensusCat as label,
"source" as type,
CASE
	WHEN Quellenart.Bezeichnung='Tabulatur' THEN 'Tabulatur'
	WHEN Quellenart.Bezeichnung='Musiktheorie' THEN 'Musiktheorie'
	WHEN Handschrift.CensusCat IN ('VatS 14', 'VatS 23', 'VatS 35', 'VatS 41', 'VatS 49', 'VatS 49', 'VatS 51', 'VatS 63', 'VatS 64', 'VatS 197') THEN 'Kernkorpus'
	ELSE 'Handschrift'
END sourceType
FROM Handschrift, Quellenart
WHERE Quellenart.idQuellenart = Handschrift.Art 
AND Handschrift.genutzt = 1
UNION
SELECT idAusgabe as id, Nachweis as label, "source" as type,
IIF(Quellenart.Bezeichnung='Tabulatur','Tabulatur', IIF(Quellenart.Bezeichnung='Musiktheorie','Musiktheorie','Ausgabe')) AS sourceType
FROM Ausgabe, Quellenart
WHERE Quellenart.idQuellenart = Ausgabe.Art
AND Ausgabe.genutzt = 1
UNION
SELECT idWerk as id, Werk.Titel || " - " || Komponist.Bezeichnung as label, "work" as type, " " as sourceType
FROM Werk, Komponist
WHERE Komponist.idKomponist = Werk.Komponist
AND Werk.genutzt = 1;


---
-- Create edge list view from Konkordanz (only used ones)
-- Only take one edge per tuple to normalise sources containing multiple parts of a mass (we're only interested in the connection)
-- (group by make edges unique)
---

CREATE VIEW networkLines AS
SELECT WerkID as Source, coalesce(Handschrift,Ausgabe) as Target
FROM Konkordanz
WHERE Konkordanz.genutzt = 1
GROUP BY Source, Target;